#
# A fatal error has been detected by the Java Runtime Environment:
#
#  SIGSEGV (0xb) at pc=0x000000000000d766, pid=425163, tid=425281
#
# JRE version: OpenJDK Runtime Environment Temurin-21.0.10+7 (21.0.10+7) (build 21.0.10+7-LTS)
# Java VM: OpenJDK 64-Bit Server VM Temurin-21.0.10+7 (21.0.10+7-LTS, mixed mode, sharing, tiered, compressed oops, compressed class ptrs, parallel gc, linux-amd64)
# Problematic frame:
# 
[error occurred during error reporting (printing problematic frame), id 0xb, SIGSEGV (0xb) at pc=0x00007f52dbf7ab8e]
# Core dump will be written. Default location: Core dumps may be processed with "/nix/store/jxw62pfs41pdahiql4f8ifmc541spn21-systemd/lib/systemd/systemd-coredump %P %u %g %s %t %c %h %d %F %I" (or dumping to /home/yb/RustroverProjects/bt-rearm/core.425163)
#
# If you would like to submit a bug report, please visit:
#   https://github.com/adoptium/adoptium-support/issues
# The crash happened outside the Java Virtual Machine in native code.
# See problematic frame for where to report the bug.
#

---------------  S U M M A R Y ------------

Command Line: --add-modules=ALL-SYSTEM --add-opens=java.base/java.util=ALL-UNNAMED --add-opens=java.base/java.lang=ALL-UNNAMED --add-opens=java.base/sun.nio.fs=ALL-UNNAMED -Declipse.application=org.eclipse.jdt.ls.core.id1 -Dosgi.bundles.defaultStartLevel=4 -Declipse.product=org.eclipse.jdt.ls.core.product -Djava.import.generatesMetadataFilesAtProjectRoot=false -Dfile.encoding=utf8 -Xverify:none -XX:+UseParallelGC -XX:GCTimeRatio=4 -XX:AdaptiveSizePolicyWeight=90 -Dsun.zip.disableMemoryMapping=true -Djava.lsp.joinOnCompletion=true -Xmx3G -Xms100m -Xlog:disable -Dlog.level=ALL -javaagent:/home/yb/.serena/language_servers/static/EclipseJDTLS/vscode-java-1.54.0-923/extension/lombok/lombok-1.18.39-4050.jar -Djdt.core.sharedIndexLocation=/home/yb/.serena/language_servers/static/lsp/EclipseJDTLS/sharedIndex /home/yb/.serena/language_servers/static/EclipseJDTLS/vscode-java-1.54.0-923/extension/server/plugins/org.eclipse.equinox.launcher_1.7.100.v20251111-0406.jar -configuration /home/yb/.serena/language_servers/static/EclipseJDTLS/workspaces/1d11b0505b98561433b146bbf42f8315/config_path -data /home/yb/.serena/language_servers/static/EclipseJDTLS/workspaces/1d11b0505b98561433b146bbf42f8315/data_dir

Host: AMD Ryzen 5 5600G with Radeon Graphics, 12 cores, 30G, NixOS 26.11 (Zokor)
Time: Sat Aug 22 22:14:21 2026 +08 elapsed time: 21.514131 seconds (0d 0h 0m 21s)

---------------  T H R E A D  ---------------

Current thread (0x00007f51800075c0):  JavaThread "process reaper (pid 425279)" daemon [_thread_in_native, id=425281, stack(0x00007f52d9e55000,0x00007f52d9e77000) (136K)]

Stack: [0x00007f52d9e55000,0x00007f52d9e77000],  sp=0x00007f52d9e751b0,  free space=128k
Native frames: (J=compiled Java code, j=interpreted, Vv=VM code, C=native code)

[error occurred during error reporting (printing native stack (with source info)), id 0xb, SIGSEGV (0xb) at pc=0x00007f52dbf7ab8e]

Retrying call stack printing without source information...
Native frames: (J=compiled Java code, j=interpreted, Vv=VM code, C=native code)

[error occurred during error reporting (retry printing native stack (no source info)), id 0xb, SIGSEGV (0xb) at pc=0x00007f52dbf7ab8e]
Java frames: (J=compiled Java code, j=interpreted, Vv=VM code)
j  java.io.FileInputStream.available0()I+0 java.base@21.0.10
j  java.io.FileInputStream.available()I+5 java.base@21.0.10
j  java.lang.ProcessImpl$ProcessPipeInputStream.drainInputStream(Ljava/io/InputStream;)[B+5 java.base@21.0.10
j  java.lang.ProcessImpl$ProcessPipeInputStream.processExited()V+17 java.base@21.0.10
j  java.lang.ProcessImpl.lambda$initStreams$1(Ljava/lang/Integer;Ljava/lang/Throwable;)Ljava/lang/Object;+94 java.base@21.0.10
j  java.lang.ProcessImpl$$Lambda+0x00007f52767e1ca0.apply(Ljava/lang/Object;Ljava/lang/Object;)Ljava/lang/Object;+12 java.base@21.0.10
j  java.util.concurrent.CompletableFuture.uniHandle(Ljava/lang/Object;Ljava/util/function/BiFunction;Ljava/util/concurrent/CompletableFuture$UniHandle;)Z+58 java.base@21.0.10
j  java.util.concurrent.CompletableFuture$UniHandle.tryFire(I)Ljava/util/concurrent/CompletableFuture;+52 java.base@21.0.10
j  java.util.concurrent.CompletableFuture.postComplete()V+76 java.base@21.0.10
j  java.util.concurrent.CompletableFuture.complete(Ljava/lang/Object;)Z+7 java.base@21.0.10
j  java.lang.ProcessHandleImpl$1.run()V+155 java.base@21.0.10
j  java.util.concurrent.ThreadPoolExecutor.runWorker(Ljava/util/concurrent/ThreadPoolExecutor$Worker;)V+92 java.base@21.0.10
j  java.util.concurrent.ThreadPoolExecutor$Worker.run()V+5 java.base@21.0.10
j  java.lang.Thread.runWith(Ljava/lang/Object;Ljava/lang/Runnable;)V+5 java.base@21.0.10
j  java.lang.Thread.run()V+19 java.base@21.0.10
j  jdk.internal.misc.InnocuousThread.run()V+20 java.base@21.0.10
v  ~StubRoutines::call_stub 0x00007f52c9337cc6

siginfo: si_signo: 11 (SIGSEGV), si_code: 1 (SEGV_MAPERR), si_addr: 0x000000000000d766

Registers:
RAX=0x00000000ffffffff, RBX=0x00007f527544b6c8, RCX=0x0000000000000000, RDX=0x00007f5180007e38
RSP=0x00007f52d9e751a8, RBP=0x00007f52d9e751d0, RSI=0x00007f52dc7792bc, RDI=0x00007f5180007980
R8 =0x00007f527544c768, R9 =0x00007f51800075c0, R10=0x00007f52c93434d1, R11=0x0000000000000102
R12=0x0000000000000000, R13=0x00007f5180007980, R14=0x00007f52d9e75250, R15=0x00007f51800075c0
RIP=0x000000000000d766, EFLAGS=0x0000000000010246, CSGSFS=0x002b000000000033, ERR=0x0000000000000014
  TRAPNO=0x000000000000000e

XMM[0]=0x00007f51800075c0 0x00007f527544c768
XMM[1]=0x0000000000000000 0x0000001000000001
XMM[2]=0x0000000000000000 0x0000000000000010
XMM[3]=0x0000000000000000 0x00007f52c933e790
XMM[4]=0x00007f52d9e75320 0x00007f0000000000
XMM[5]=0x0000000000000000 0x00007f51800075c0
XMM[6]=0x0000000000000000 0x00007f51800075c0
XMM[7]=0x0000000000000000 0x00007f51800075c0
XMM[8]=0x0000000000000000 0x0200180000001c00
XMM[9]=0x0000000000000000 0xd0fc60f6c7d56cb5
XMM[10]=0x0000000000000000 0x00000000f6d90bbf
XMM[11]=0x0000000000000000 0x0f3bf733d71163e8
XMM[12]=0x0000000000000000 0x00000000c7d56cb5
XMM[13]=0x0000000000000000 0x00000000129a6627
XMM[14]=0x0000000000000000 0x6c9c4e785cd1fc34
XMM[15]=0x0000000000000000 0x0000000000000000
  MXCSR=0x00001fa2


Register to memory mapping:

RAX=0x00000000ffffffff is an unknown value
RBX={method} {0x00007f527544b6c8} 'available0' '()I' in 'java/io/FileInputStream'
RCX=0x0 is null
RDX=0x00007f5180007e38 points into unknown readable memory: 0x0000000000000025 | 25 00 00 00 00 00 00 00
RSP=0x00007f52d9e751a8 is pointing into the stack for thread: 0x00007f51800075c0
RBP=0x00007f52d9e751d0 is pointing into the stack for thread: 0x00007f51800075c0
RSI=
[error occurred during error reporting (printing register info), id 0xb, SIGSEGV (0xb) at pc=0x00007f52dbf7ab8e]
[stop reattempt (printing register info, attempt 2) reason: Stack headroom limit reached]
Top of Stack: (sp=0x00007f52d9e751a8)
0x00007f52d9e751a8:   00007f52dc76d782 00007f527544c768
0x00007f52d9e751b8:   00007f51800075c0 0000000000000000
0x00007f52d9e751c8:   00007f5275b130d0 00007f52d9e75230
0x00007f52d9e751d8:   00007f52c9343500 00007f52d9e752d0
0x00007f52d9e751e8:   00007f52d9e751e8 0000000000000000
0x00007f52d9e751f8:   0000000000000004 00007f527544bcf0
0x00007f52d9e75208:   0000000000000000 0000000740082158
0x00007f52d9e75218:   00007f527544b6c8 0000000000000000
0x00007f52d9e75228:   00007f52d9e75250 00007f52d9e752a0
0x00007f52d9e75238:   00007f52c933efa8 0000000000000000
0x00007f52d9e75248:   00007f52c9340cd5 0000000742b12f70
0x00007f52d9e75258:   00007f52d9e75258 00007f5275b137fd
0x00007f52d9e75268:   0000000000000006 00007f527544bcf0
0x00007f52d9e75278:   0000000000000000 0000000740082158
0x00007f52d9e75288:   00007f5275012370 00007f52d9e75250
0x00007f52d9e75298:   00007f52d9e752d0 00007f52d9e75320
0x00007f52d9e752a8:   00007f52c933efa8 0000000000000000
0x00007f52d9e752b8:   0000000000000000 ffffffffffffffff
0x00007f52d9e752c8:   0000000000000000 0000000742b12f70
0x00007f52d9e752d8:   00007f52d9e752d8 00007f526efcc6b5
0x00007f52d9e752e8:   0000000000000005 00007f526efcc9f8
0x00007f52d9e752f8:   0000000000000000 0000000742b89f48
0x00007f52d9e75308:   00007f526efcc6f8 00007f52d9e752d0
0x00007f52d9e75318:   00007f52d9e75348 00007f52d9e753b8
0x00007f52d9e75328:   00007f52c933eff2 0000000000000000
0x00007f52d9e75338:   0000000000000000 0000000000000000
0x00007f52d9e75348:   0000000742b12f70 0000000000000001
0x00007f52d9e75358:   0000000742b12fc8 0000000000000001
0x00007f52d9e75368:   0000000742b12f40 00007f52d9e75350
0x00007f52d9e75378:   00007f526efcc7c9 0000000000000006
0x00007f52d9e75388:   00007f526efcc9f8 0000000000000000
0x00007f52d9e75398:   0000000742b89f48 00007f526efcc818 

Instructions: (pc=0x00007f52dc76d782)
0x00007f52dc76d682:   41 5e 5d c3 66 2e 0f 1f 84 00 00 00 00 00 48 8d
0x00007f52dc76d692:   35 50 bc 00 00 4c 89 ef e8 b1 e0 ff ff 31 c0 eb
0x00007f52dc76d6a2:   d3 0f 1f 44 00 00 4c 89 ef 48 8d 35 0a bc 00 00
0x00007f52dc76d6b2:   e8 a9 e0 ff ff 48 83 c4 10 31 c0 5b 41 5c 41 5d
0x00007f52dc76d6c2:   41 5e 5d c3 66 2e 0f 1f 84 00 00 00 00 00 48 8d
0x00007f52dc76d6d2:   35 10 bc 00 00 4c 89 ef 48 89 45 d8 e8 6d e0 ff
0x00007f52dc76d6e2:   ff 48 8b 45 d8 eb 8d 0f 1f 80 00 00 00 00 55 48
0x00007f52dc76d6f2:   89 e5 41 55 49 89 fd 41 54 48 83 ec 10 48 8b 15
0x00007f52dc76d702:   b2 38 01 00 e8 45 7a 00 00 83 f8 ff 74 60 89 c7
0x00007f52dc76d712:   48 8d 75 e8 e8 85 7d 00 00 41 89 c4 85 c0 74 2e
0x00007f52dc76d722:   48 8b 45 e8 41 bc ff ff ff 7f 48 3d ff ff ff 7f
0x00007f52dc76d732:   7f 0a 45 31 e4 48 85 c0 44 0f 49 e0 48 83 c4 10
0x00007f52dc76d742:   44 89 e0 41 5c 41 5d 5d c3 0f 1f 44 00 00 4c 89
0x00007f52dc76d752:   ef 31 f6 e8 f6 df ff ff 48 83 c4 10 44 89 e0 41
0x00007f52dc76d762:   5c 41 5d 5d c3 66 0f 1f 84 00 00 00 00 00 4c 89
0x00007f52dc76d772:   ef 48 8d 35 42 bb 00 00 45 31 e4 e8 de df ff ff
0x00007f52dc76d782:   48 83 c4 10 44 89 e0 41 5c 41 5d 5d c3 90 55 48
0x00007f52dc76d792:   8b 07 48 8d 0d 08 bb 00 00 48 8d 15 c0 ba 00 00
0x00007f52dc76d7a2:   48 89 e5 ff 90 f0 02 00 00 5d 48 89 05 0d 38 01
0x00007f52dc76d7b2:   00 c3 66 66 2e 0f 1f 84 00 00 00 00 00 90 80 f9
0x00007f52dc76d7c2:   01 48 8b 0d f6 37 01 00 19 c0 25 00 fe ff ff 44
0x00007f52dc76d7d2:   8d 80 41 04 00 00 e9 c3 79 00 00 0f 1f 00 4c 8b
0x00007f52dc76d7e2:   05 d9 37 01 00 0f b6 c9 e9 11 75 00 00 90 55 45
0x00007f52dc76d7f2:   0f b6 c9 48 89 e5 48 83 ec 08 ff 35 be 37 01 00
0x00007f52dc76d802:   e8 79 75 00 00 58 5a c9 c3 0f 1f 44 00 00 48 89
0x00007f52dc76d812:   d6 e9 68 df ff ff 0f 1f 84 00 00 00 00 00 e9 6b
0x00007f52dc76d822:   df ff ff 66 66 2e 0f 1f 84 00 00 00 00 00 66 0f
0x00007f52dc76d832:   6e c2 c3 66 66 2e 0f 1f 84 00 00 00 00 00 66 0f
0x00007f52dc76d842:   7e c0 c3 66 66 2e 0f 1f 84 00 00 00 00 00 e9 4b
0x00007f52dc76d852:   df ff ff 66 66 2e 0f 1f 84 00 00 00 00 00 55 48
0x00007f52dc76d862:   89 e5 41 57 41 56 4c 8d 7d 80 41 55 49 89 fd 41
0x00007f52dc76d872:   54 53 89 d3 48 83 ec 58 64 48 8b 04 25 28 00 00 


Stack slot to memory mapping:

stack at sp + 0 slots: {method} {0x00007f527544c768} 'available' '()I' in 'java/io/InputStream'
stack at sp + 1 slots: 0x00007f51800075c0 is a thread
stack at sp + 2 slots: 0x0 is null
stack at sp + 3 slots: 0x00007f5275b130d0 is pointing into metadata
stack at sp + 4 slots: 0x00007f52d9e75230 is pointing into the stack for thread: 0x00007f51800075c0
stack at sp + 5 slots: 0x00007f52c9343500 is at code_begin+1056 in an Interpreter codelet
native method entry point (kind = native)  [0x00007f52c93430e0, 0x00007f52c9343990]  2224 bytes
stack at sp + 6 slots: 0x00007f52d9e752d0 is pointing into the stack for thread: 0x00007f51800075c0
stack at sp + 7 slots: 0x00007f52d9e751e8 is pointing into the stack for thread: 0x00007f51800075c0


---------------  P R O C E S S  ---------------

Threads class SMR info:
_java_thread_list=0x00007f5180004c10, length=33, elements={
0x00007f52d402af20, 0x00007f52d41b6230, 0x00007f52d41b7770, 0x00007f52d41b8ed0,
0x00007f52d41ba4e0, 0x00007f52d41bba50, 0x00007f52d41bd560, 0x00007f52d41bebf0,
0x00007f52d4213f50, 0x00007f52d4291960, 0x00007f52d4467a80, 0x00007f52d44a0e60,
0x00007f52d44c83a0, 0x00007f52d45db5b0, 0x00007f52d4778830, 0x00007f520c6009c0,
0x00007f520c7ed240, 0x00007f520c89e510, 0x00007f520c8b3240, 0x00007f520ccb0500,
0x00007f51c4009b30, 0x00007f51c0028760, 0x00007f52d45d2980, 0x00007f51c0034190,
0x00007f52d472ae60, 0x00007f52d472c6d0, 0x00007f51bc0dffd0, 0x00007f51bc14ffe0,
0x00007f51bc19d170, 0x00007f51bc1a04e0, 0x00007f51800075c0, 0x00007f51bc017e50,
0x00007f51bc1af1b0
}

Java Threads: ( => current thread )
  0x00007f52d402af20 JavaThread "main"                              [_thread_blocked, id=425166, stack(0x00007f52da700000,0x00007f52da800000) (1024K)]
  0x00007f52d41b6230 JavaThread "Reference Handler"          daemon [_thread_blocked, id=425174, stack(0x00007f52c0d00000,0x00007f52c0e00000) (1024K)]
  0x00007f52d41b7770 JavaThread "Finalizer"                  daemon [_thread_blocked, id=425175, stack(0x00007f52c0c00000,0x00007f52c0d00000) (1024K)]
  0x00007f52d41b8ed0 JavaThread "Signal Dispatcher"          daemon [_thread_blocked, id=425176, stack(0x00007f52c0b00000,0x00007f52c0c00000) (1024K)]
  0x00007f52d41ba4e0 JavaThread "Service Thread"             daemon [_thread_blocked, id=425177, stack(0x00007f52c0a00000,0x00007f52c0b00000) (1024K)]
  0x00007f52d41bba50 JavaThread "Monitor Deflation Thread"   daemon [_thread_blocked, id=425178, stack(0x00007f52c0900000,0x00007f52c0a00000) (1024K)]
  0x00007f52d41bd560 JavaThread "C2 CompilerThread0"         daemon [_thread_blocked, id=425179, stack(0x00007f52c0800000,0x00007f52c0900000) (1024K)]
  0x00007f52d41bebf0 JavaThread "C1 CompilerThread0"         daemon [_thread_blocked, id=425180, stack(0x00007f52c0700000,0x00007f52c0800000) (1024K)]
  0x00007f52d4213f50 JavaThread "Common-Cleaner"             daemon [_thread_blocked, id=425181, stack(0x00007f52c0600000,0x00007f52c0700000) (1024K)]
  0x00007f52d4291960 JavaThread "Notification Thread"        daemon [_thread_blocked, id=425183, stack(0x00007f52c0400000,0x00007f52c0500000) (1024K)]
  0x00007f52d4467a80 JavaThread "Active Thread: Equinox Container: 80bae0bb-11f5-4c5d-bf66-d36eb2082085"        [_thread_blocked, id=425227, stack(0x00007f5274900000,0x00007f5274a00000) (1024K)]
  0x00007f52d44a0e60 JavaThread "Framework Event Dispatcher: Equinox Container: 80bae0bb-11f5-4c5d-bf66-d36eb2082085" daemon [_thread_blocked, id=425228, stack(0x00007f5274800000,0x00007f5274900000) (1024K)]
  0x00007f52d44c83a0 JavaThread "Start Level: Equinox Container: 80bae0bb-11f5-4c5d-bf66-d36eb2082085" daemon [_thread_blocked, id=425229, stack(0x00007f5274700000,0x00007f5274800000) (1024K)]
  0x00007f52d45db5b0 JavaThread "Bundle File Closer"         daemon [_thread_blocked, id=425232, stack(0x00007f52743ff000,0x00007f52744ff000) (1024K)]
  0x00007f52d4778830 JavaThread "Refresh Thread: Equinox Container: 80bae0bb-11f5-4c5d-bf66-d36eb2082085" daemon [_thread_blocked, id=425233, stack(0x00007f52742ff000,0x00007f52743ff000) (1024K)]
  0x00007f520c6009c0 JavaThread "SCR Component Actor"        daemon [_thread_blocked, id=425241, stack(0x00007f51fb9ff000,0x00007f51fbaff000) (1024K)]
  0x00007f520c7ed240 JavaThread "Worker-JM"                         [_thread_blocked, id=425252, stack(0x00007f51fb8ff000,0x00007f51fb9ff000) (1024K)]
  0x00007f520c89e510 JavaThread "Worker-0"                          [_thread_blocked, id=425257, stack(0x00007f51fb3fb000,0x00007f51fb4fb000) (1024K)]
  0x00007f520c8b3240 JavaThread "Worker-1"                          [_thread_blocked, id=425258, stack(0x00007f51fb2fb000,0x00007f51fb3fb000) (1024K)]
  0x00007f520ccb0500 JavaThread "Java indexing"              daemon [_thread_blocked, id=425259, stack(0x00007f51fb1fb000,0x00007f51fb2fb000) (1024K)]
  0x00007f51c4009b30 JavaThread "Worker-2"                          [_thread_blocked, id=425260, stack(0x00007f51fb0fb000,0x00007f51fb1fb000) (1024K)]
  0x00007f51c0028760 JavaThread "Worker-3"                          [_thread_blocked, id=425261, stack(0x00007f51faffb000,0x00007f51fb0fb000) (1024K)]
  0x00007f52d45d2980 JavaThread "pool-2-thread-1"                   [_thread_blocked, id=425262, stack(0x00007f51faefb000,0x00007f51faffb000) (1024K)]
  0x00007f51c0034190 JavaThread "Worker-4"                          [_thread_blocked, id=425263, stack(0x00007f51fadfb000,0x00007f51faefb000) (1024K)]
  0x00007f52d472ae60 JavaThread "WorkspaceEventsHandler"            [_thread_blocked, id=425264, stack(0x00007f51facfb000,0x00007f51fadfb000) (1024K)]
  0x00007f52d472c6d0 JavaThread "pool-1-thread-1"                   [_thread_in_native, id=425265, stack(0x00007f51fabfb000,0x00007f51facfb000) (1024K)]
  0x00007f51bc0dffd0 JavaThread "Timer-0"                           [_thread_blocked, id=425268, stack(0x00007f51fa9fb000,0x00007f51faafb000) (1024K)]
  0x00007f51bc14ffe0 JavaThread "Timer-1"                           [_thread_blocked, id=425270, stack(0x00007f51fa8fb000,0x00007f51fa9fb000) (1024K)]
  0x00007f51bc19d170 JavaThread "Timer-2"                           [_thread_blocked, id=425271, stack(0x00007f51fa500000,0x00007f51fa600000) (1024K)]
  0x00007f51bc1a04e0 JavaThread "Timer-3"                           [_thread_blocked, id=425273, stack(0x00007f51fa400000,0x00007f51fa500000) (1024K)]
=>0x00007f51800075c0 JavaThread "process reaper (pid 425279)" daemon [_thread_in_native, id=425281, stack(0x00007f52d9e55000,0x00007f52d9e77000) (136K)]
  0x00007f51bc017e50 JavaThread "Timer-4"                           [_thread_blocked, id=425355, stack(0x00007f51fa300000,0x00007f51fa400000) (1024K)]
  0x00007f51bc1af1b0 JavaThread "Timer-5"                           [_thread_blocked, id=425357, stack(0x00007f51fa200000,0x00007f51fa300000) (1024K)]
Total: 33

Other Threads:
  0x00007f52d41ace70 VMThread "VM Thread"                           [id=425169, stack(0x00007f52c10f4000,0x00007f52c11f4000) (1024K)]
  0x00007f52d4051660 WatcherThread "VM Periodic Task Thread"        [id=425168, stack(0x00007f52d927f000,0x00007f52d937f000) (1024K)]
  0x00007f52d4042840 WorkerThread "GC Thread#0"                     [id=425167, stack(0x00007f52d9f14000,0x00007f52da014000) (1024K)]
  0x00007f5264000f50 WorkerThread "GC Thread#1"                     [id=425200, stack(0x00007f52c0300000,0x00007f52c0400000) (1024K)]
  0x00007f5264002fd0 WorkerThread "GC Thread#2"                     [id=425201, stack(0x00007f52c01ff000,0x00007f52c02ff000) (1024K)]
  0x00007f5264003ac0 WorkerThread "GC Thread#3"                     [id=425202, stack(0x00007f52c00fe000,0x00007f52c01fe000) (1024K)]
  0x00007f5264004770 WorkerThread "GC Thread#4"                     [id=425231, stack(0x00007f5274500000,0x00007f5274600000) (1024K)]
  0x00007f5264005bb0 WorkerThread "GC Thread#5"                     [id=425240, stack(0x00007f51fbb00000,0x00007f51fbc00000) (1024K)]
  0x00007f5264007020 WorkerThread "GC Thread#6"                     [id=425253, stack(0x00007f51fb7ff000,0x00007f51fb8ff000) (1024K)]
  0x00007f5264007a50 WorkerThread "GC Thread#7"                     [id=425254, stack(0x00007f51fb6fe000,0x00007f51fb7fe000) (1024K)]
  0x00007f5264008480 WorkerThread "GC Thread#8"                     [id=425255, stack(0x00007f51fb5fd000,0x00007f51fb6fd000) (1024K)]
  0x00007f5264008eb0 WorkerThread "GC Thread#9"                     [id=425256, stack(0x00007f51fb4fc000,0x00007f51fb5fc000) (1024K)]
Total: 12

Threads with active compile tasks:
Total: 0

VM state: not at safepoint (normal execution)

VM Mutex/Monitor currently owned by a thread: None

Heap address: 0x0000000740000000, size: 3072 MB, Compressed Oops mode: Zero based, Oop shift amount: 3

CDS archive(s) mapped at: [0x00007f5275000000-0x00007f5275bbb000-0x00007f5275bbb000), size 12300288, SharedBaseAddress: 0x00007f5275000000, ArchiveRelocationMode: 1.
Compressed class space mapped at: 0x00007f5276000000-0x00007f52b6000000, reserved size: 1073741824
Narrow klass base: 0x00007f5275000000, Narrow klass shift: 0, Narrow klass range: 0x100000000

GC Precious Log:
 CardTable entry size: 512
 CPUs: 12 total, 12 available
 Memory: 31477M
 Large Page Support: Disabled
 NUMA Support: Disabled
 Compressed Oops: Enabled (Zero based)
 Alignments: Space 512K, Generation 512K, Heap 2M
 Heap Min Capacity: 100M
 Heap Initial Capacity: 100M
 Heap Max Capacity: 3G
 Pre-touch: Disabled
 Parallel Workers: 10

Heap:
 PSYoungGen      total 12288K, used 3546K [0x00000007c0000000, 0x00000007c0e80000, 0x0000000800000000)
  eden space 11264K, 25% used [0x00000007c0000000,0x00000007c02c9268,0x00000007c0b00000)
  from space 1024K, 67% used [0x00000007c0d80000,0x00000007c0e2d5b0,0x00000007c0e80000)
  to   space 1536K, 0% used [0x00000007c0b80000,0x00000007c0b80000,0x00000007c0d00000)
 ParOldGen       total 68608K, used 47777K [0x0000000740000000, 0x0000000744300000, 0x00000007c0000000)
  object space 68608K, 69% used [0x0000000740000000,0x0000000742ea87c8,0x0000000744300000)
 Metaspace       used 63488K, committed 64832K, reserved 1114112K
  class space    used 7906K, committed 8448K, reserved 1048576K

Card table byte_map: [0x00007f52da014000,0x00007f52da615000] _byte_map_base: 0x00007f52d6614000

Marking Bits: (ParMarkBitMap*) 0x00007f52dbd5a140
 Begin Bits: [0x00007f52b6000000, 0x00007f52b9000000)
 End Bits:   [0x00007f52b9000000, 0x00007f52bc000000)

Polling page: 0x00007f52dc78f000

Metaspace:

Usage:
  Non-class:     54.28 MB used.
      Class:      7.72 MB used.
       Both:     62.00 MB used.

Virtual space:
  Non-class space:       64.00 MB reserved,      55.06 MB ( 86%) committed,  1 nodes.
      Class space:        1.00 GB reserved,       8.25 MB ( <1%) committed,  1 nodes.
             Both:        1.06 GB reserved,      63.31 MB (  6%) committed. 

Chunk freelists:
   Non-Class:  8.94 MB
       Class:  7.69 MB
        Both:  16.63 MB

MaxMetaspaceSize: unlimited
CompressedClassSpaceSize: 1.00 GB
Initial GC threshold: 21.00 MB
Current GC threshold: 97.31 MB
CDS: on
 - commit_granule_bytes: 65536.
 - commit_granule_words: 8192.
 - virtual_space_node_default_size: 8388608.
 - enlarge_chunks_in_place: 1.
 - use_allocation_guard: 0.


Internal statistics:

num_allocs_failed_limit: 9.
num_arena_births: 1304.
num_arena_deaths: 14.
num_vsnodes_births: 2.
num_vsnodes_deaths: 0.
num_space_committed: 1013.
num_space_uncommitted: 0.
num_chunks_returned_to_freelist: 23.
num_chunks_taken_from_freelist: 3940.
num_chunk_merges: 10.
num_chunk_splits: 2506.
num_chunks_enlarged: 1542.
num_inconsistent_stats: 0.

CodeHeap 'non-profiled nmethods': size=120028Kb used=4437Kb max_used=4437Kb free=115590Kb
 bounds [0x00007f52c98c9000, 0x00007f52c9d29000, 0x00007f52d0e00000]
CodeHeap 'profiled nmethods': size=120028Kb used=14015Kb max_used=14015Kb free=106013Kb
 bounds [0x00007f52c1e00000, 0x00007f52c2bb0000, 0x00007f52c9337000]
CodeHeap 'non-nmethods': size=5704Kb used=1411Kb max_used=1465Kb free=4292Kb
 bounds [0x00007f52c9337000, 0x00007f52c95a7000, 0x00007f52c98c9000]
CodeCache: size=245760Kb, used=19863Kb, max_used=19917Kb, free=225895Kb
 total_blobs=7962, nmethods=7238, adapters=631, full_count=0
Compilation: enabled, stopped_count=0, restarted_count=0

Compilation events (20 events):
Event: 7.856 Thread 0x00007f52d41bebf0 8107       1       org.eclipse.core.internal.dtree.NodeComparison::getUserComparison (5 bytes)
Event: 7.856 Thread 0x00007f52d41bebf0 nmethod 8107 0x00007f52c9d1b210 code [0x00007f52c9d1b3a0, 0x00007f52c9d1b460]
Event: 7.856 Thread 0x00007f52d41bd560 8109       4       java.lang.invoke.MethodHandleImpl::computeValueConversions (121 bytes)
Event: 7.856 Thread 0x00007f52d41bebf0 8111       1       org.eclipse.core.internal.events.ResourceDeltaInfo::getMarkerDeltas (5 bytes)
Event: 7.857 Thread 0x00007f52d41bebf0 nmethod 8111 0x00007f52c9d1b510 code [0x00007f52c9d1b6a0, 0x00007f52c9d1b768]
Event: 7.857 Thread 0x00007f52d41bebf0 8110       1       org.eclipse.core.internal.events.ResourceDelta::setStatus (6 bytes)
Event: 7.857 Thread 0x00007f52d41bebf0 nmethod 8110 0x00007f52c9d1b810 code [0x00007f52c9d1b9a0, 0x00007f52c9d1ba60]
Event: 7.857 Thread 0x00007f52d41bebf0 8112       1       org.eclipse.core.internal.events.ResourceDelta::getFullPath (5 bytes)
Event: 7.857 Thread 0x00007f52d41bebf0 nmethod 8112 0x00007f52c9d1bb10 code [0x00007f52c9d1bca0, 0x00007f52c9d1bd68]
Event: 7.857 Thread 0x00007f52d41bebf0 8114       1       org.eclipse.core.internal.jobs.InternalJob::getListeners (5 bytes)
Event: 7.857 Thread 0x00007f52d41bebf0 nmethod 8114 0x00007f52c9d1be10 code [0x00007f52c9d1bfa0, 0x00007f52c9d1c068]
Event: 7.865 Thread 0x00007f52d41bd560 nmethod 8109 0x00007f52c9d1c110 code [0x00007f52c9d1c420, 0x00007f52c9d1d428]
Event: 7.865 Thread 0x00007f52d41bd560 8113       4       java.util.Arrays::copyOfRange (11 bytes)
Event: 7.867 Thread 0x00007f52d41bd560 nmethod 8113 0x00007f52c9d1df90 code [0x00007f52c9d1e120, 0x00007f52c9d1e460]
Event: 8.965 Thread 0x00007f52d41bebf0 8115       3       java.util.TaskQueue::isEmpty (13 bytes)
Event: 8.965 Thread 0x00007f52d41bebf0 nmethod 8115 0x00007f52c2bae310 code [0x00007f52c2bae4a0, 0x00007f52c2bae5f8]
Event: 13.789 Thread 0x00007f52d41bebf0 8116       3       java.util.concurrent.atomic.AtomicReference::getAndSet (9 bytes)
Event: 13.790 Thread 0x00007f52d41bebf0 nmethod 8116 0x00007f52c2bae690 code [0x00007f52c2bae900, 0x00007f52c2baf518]
Event: 13.973 Thread 0x00007f52d41bebf0 8117       3       java.util.TaskQueue::getMin (7 bytes)
Event: 13.973 Thread 0x00007f52d41bebf0 nmethod 8117 0x00007f52c2baf890 code [0x00007f52c2bafa20, 0x00007f52c2bafb58]

GC Heap History (20 events):
Event: 3.286 GC heap before
{Heap before GC invocations=42 (full 3):
 PSYoungGen      total 15360K, used 14848K [0x00000007c0000000, 0x00000007c1100000, 0x0000000800000000)
  eden space 14848K, 100% used [0x00000007c0000000,0x00000007c0e80000,0x00000007c0e80000)
  from space 512K, 0% used [0x00000007c1080000,0x00000007c1080000,0x00000007c1100000)
  to   space 1024K, 0% used [0x00000007c0f00000,0x00000007c0f00000,0x00000007c1000000)
 ParOldGen       total 68608K, used 40781K [0x0000000740000000, 0x0000000744300000, 0x00000007c0000000)
  object space 68608K, 59% used [0x0000000740000000,0x00000007427d3750,0x0000000744300000)
 Metaspace       used 58635K, committed 59904K, reserved 1114112K
  class space    used 7243K, committed 7744K, reserved 1048576K
}
Event: 3.287 GC heap after
{Heap after GC invocations=42 (full 3):
 PSYoungGen      total 15872K, used 305K [0x00000007c0000000, 0x00000007c1100000, 0x0000000800000000)
  eden space 14848K, 0% used [0x00000007c0000000,0x00000007c0000000,0x00000007c0e80000)
  from space 1024K, 29% used [0x00000007c0f00000,0x00000007c0f4c640,0x00000007c1000000)
  to   space 512K, 0% used [0x00000007c1080000,0x00000007c1080000,0x00000007c1100000)
 ParOldGen       total 68608K, used 40781K [0x0000000740000000, 0x0000000744300000, 0x00000007c0000000)
  object space 68608K, 59% used [0x0000000740000000,0x00000007427d3750,0x0000000744300000)
 Metaspace       used 58635K, committed 59904K, reserved 1114112K
  class space    used 7243K, committed 7744K, reserved 1048576K
}
Event: 3.308 GC heap before
{Heap before GC invocations=43 (full 3):
 PSYoungGen      total 15872K, used 15153K [0x00000007c0000000, 0x00000007c1100000, 0x0000000800000000)
  eden space 14848K, 100% used [0x00000007c0000000,0x00000007c0e80000,0x00000007c0e80000)
  from space 1024K, 29% used [0x00000007c0f00000,0x00000007c0f4c640,0x00000007c1000000)
  to   space 512K, 0% used [0x00000007c1080000,0x00000007c1080000,0x00000007c1100000)
 ParOldGen       total 68608K, used 40781K [0x0000000740000000, 0x0000000744300000, 0x00000007c0000000)
  object space 68608K, 59% used [0x0000000740000000,0x00000007427d3750,0x0000000744300000)
 Metaspace       used 58635K, committed 59904K, reserved 1114112K
  class space    used 7243K, committed 7744K, reserved 1048576K
}
Event: 3.309 GC heap after
{Heap after GC invocations=43 (full 3):
 PSYoungGen      total 15360K, used 488K [0x00000007c0000000, 0x00000007c1180000, 0x0000000800000000)
  eden space 14848K, 0% used [0x00000007c0000000,0x00000007c0000000,0x00000007c0e80000)
  from space 512K, 95% used [0x00000007c1080000,0x00000007c10fa2e8,0x00000007c1100000)
  to   space 1536K, 0% used [0x00000007c0e80000,0x00000007c0e80000,0x00000007c1000000)
 ParOldGen       total 68608K, used 41629K [0x0000000740000000, 0x0000000744300000, 0x00000007c0000000)
  object space 68608K, 60% used [0x0000000740000000,0x00000007428a76f8,0x0000000744300000)
 Metaspace       used 58635K, committed 59904K, reserved 1114112K
  class space    used 7243K, committed 7744K, reserved 1048576K
}
Event: 3.335 GC heap before
{Heap before GC invocations=44 (full 3):
 PSYoungGen      total 15360K, used 15336K [0x00000007c0000000, 0x00000007c1180000, 0x0000000800000000)
  eden space 14848K, 100% used [0x00000007c0000000,0x00000007c0e80000,0x00000007c0e80000)
  from space 512K, 95% used [0x00000007c1080000,0x00000007c10fa2e8,0x00000007c1100000)
  to   space 1536K, 0% used [0x00000007c0e80000,0x00000007c0e80000,0x00000007c1000000)
 ParOldGen       total 68608K, used 41629K [0x0000000740000000, 0x0000000744300000, 0x00000007c0000000)
  object space 68608K, 60% used [0x0000000740000000,0x00000007428a76f8,0x0000000744300000)
 Metaspace       used 58635K, committed 59904K, reserved 1114112K
  class space    used 7243K, committed 7744K, reserved 1048576K
}
Event: 3.335 GC heap after
{Heap after GC invocations=44 (full 3):
 PSYoungGen      total 16384K, used 855K [0x00000007c0000000, 0x00000007c1180000, 0x0000000800000000)
  eden space 14848K, 0% used [0x00000007c0000000,0x00000007c0000000,0x00000007c0e80000)
  from space 1536K, 55% used [0x00000007c0e80000,0x00000007c0f55cf8,0x00000007c1000000)
  to   space 1536K, 0% used [0x00000007c1000000,0x00000007c1000000,0x00000007c1180000)
 ParOldGen       total 68608K, used 41653K [0x0000000740000000, 0x0000000744300000, 0x00000007c0000000)
  object space 68608K, 60% used [0x0000000740000000,0x00000007428ad6f8,0x0000000744300000)
 Metaspace       used 58635K, committed 59904K, reserved 1114112K
  class space    used 7243K, committed 7744K, reserved 1048576K
}
Event: 3.357 GC heap before
{Heap before GC invocations=45 (full 3):
 PSYoungGen      total 16384K, used 15703K [0x00000007c0000000, 0x00000007c1180000, 0x0000000800000000)
  eden space 14848K, 100% used [0x00000007c0000000,0x00000007c0e80000,0x00000007c0e80000)
  from space 1536K, 55% used [0x00000007c0e80000,0x00000007c0f55cf8,0x00000007c1000000)
  to   space 1536K, 0% used [0x00000007c1000000,0x00000007c1000000,0x00000007c1180000)
 ParOldGen       total 68608K, used 41653K [0x0000000740000000, 0x0000000744300000, 0x00000007c0000000)
  object space 68608K, 60% used [0x0000000740000000,0x00000007428ad6f8,0x0000000744300000)
 Metaspace       used 58635K, committed 59904K, reserved 1114112K
  class space    used 7243K, committed 7744K, reserved 1048576K
}
Event: 3.357 GC heap after
{Heap after GC invocations=45 (full 3):
 PSYoungGen      total 15360K, used 320K [0x00000007c0000000, 0x00000007c1080000, 0x0000000800000000)
  eden space 14848K, 0% used [0x00000007c0000000,0x00000007c0000000,0x00000007c0e80000)
  from space 512K, 62% used [0x00000007c1000000,0x00000007c1050000,0x00000007c1080000)
  to   space 1024K, 0% used [0x00000007c0e80000,0x00000007c0e80000,0x00000007c0f80000)
 ParOldGen       total 68608K, used 41994K [0x0000000740000000, 0x0000000744300000, 0x00000007c0000000)
  object space 68608K, 61% used [0x0000000740000000,0x00000007429028c8,0x0000000744300000)
 Metaspace       used 58635K, committed 59904K, reserved 1114112K
  class space    used 7243K, committed 7744K, reserved 1048576K
}
Event: 3.379 GC heap before
{Heap before GC invocations=46 (full 3):
 PSYoungGen      total 15360K, used 15168K [0x00000007c0000000, 0x00000007c1080000, 0x0000000800000000)
  eden space 14848K, 100% used [0x00000007c0000000,0x00000007c0e80000,0x00000007c0e80000)
  from space 512K, 62% used [0x00000007c1000000,0x00000007c1050000,0x00000007c1080000)
  to   space 1024K, 0% used [0x00000007c0e80000,0x00000007c0e80000,0x00000007c0f80000)
 ParOldGen       total 68608K, used 41994K [0x0000000740000000, 0x0000000744300000, 0x00000007c0000000)
  object space 68608K, 61% used [0x0000000740000000,0x00000007429028c8,0x0000000744300000)
 Metaspace       used 58635K, committed 59904K, reserved 1114112K
  class space    used 7243K, committed 7744K, reserved 1048576K
}
Event: 3.380 GC heap after
{Heap after GC invocations=46 (full 3):
 PSYoungGen      total 15872K, used 1021K [0x00000007c0000000, 0x00000007c1180000, 0x0000000800000000)
  eden space 14848K, 0% used [0x00000007c0000000,0x00000007c0000000,0x00000007c0e80000)
  from space 1024K, 99% used [0x00000007c0e80000,0x00000007c0f7f6f0,0x00000007c0f80000)
  to   space 1536K, 0% used [0x00000007c1000000,0x00000007c1000000,0x00000007c1180000)
 ParOldGen       total 68608K, used 42268K [0x0000000740000000, 0x0000000744300000, 0x00000007c0000000)
  object space 68608K, 61% used [0x0000000740000000,0x00000007429472f0,0x0000000744300000)
 Metaspace       used 58635K, committed 59904K, reserved 1114112K
  class space    used 7243K, committed 7744K, reserved 1048576K
}
Event: 3.427 GC heap before
{Heap before GC invocations=47 (full 3):
 PSYoungGen      total 15872K, used 15869K [0x00000007c0000000, 0x00000007c1180000, 0x0000000800000000)
  eden space 14848K, 100% used [0x00000007c0000000,0x00000007c0e80000,0x00000007c0e80000)
  from space 1024K, 99% used [0x00000007c0e80000,0x00000007c0f7f6f0,0x00000007c0f80000)
  to   space 1536K, 0% used [0x00000007c1000000,0x00000007c1000000,0x00000007c1180000)
 ParOldGen       total 68608K, used 42268K [0x0000000740000000, 0x0000000744300000, 0x00000007c0000000)
  object space 68608K, 61% used [0x0000000740000000,0x00000007429472f0,0x0000000744300000)
 Metaspace       used 59258K, committed 60480K, reserved 1114112K
  class space    used 7336K, committed 7808K, reserved 1048576K
}
Event: 3.427 GC heap after
{Heap after GC invocations=47 (full 3):
 PSYoungGen      total 15360K, used 495K [0x00000007c0000000, 0x00000007c1080000, 0x0000000800000000)
  eden space 14848K, 0% used [0x00000007c0000000,0x00000007c0000000,0x00000007c0e80000)
  from space 512K, 96% used [0x00000007c1000000,0x00000007c107bf80,0x00000007c1080000)
  to   space 1024K, 0% used [0x00000007c0e80000,0x00000007c0e80000,0x00000007c0f80000)
 ParOldGen       total 68608K, used 42316K [0x0000000740000000, 0x0000000744300000, 0x00000007c0000000)
  object space 68608K, 61% used [0x0000000740000000,0x00000007429532f0,0x0000000744300000)
 Metaspace       used 59258K, committed 60480K, reserved 1114112K
  class space    used 7336K, committed 7808K, reserved 1048576K
}
Event: 3.496 GC heap before
{Heap before GC invocations=48 (full 3):
 PSYoungGen      total 15360K, used 15343K [0x00000007c0000000, 0x00000007c1080000, 0x0000000800000000)
  eden space 14848K, 100% used [0x00000007c0000000,0x00000007c0e80000,0x00000007c0e80000)
  from space 512K, 96% used [0x00000007c1000000,0x00000007c107bf80,0x00000007c1080000)
  to   space 1024K, 0% used [0x00000007c0e80000,0x00000007c0e80000,0x00000007c0f80000)
 ParOldGen       total 68608K, used 42316K [0x0000000740000000, 0x0000000744300000, 0x00000007c0000000)
  object space 68608K, 61% used [0x0000000740000000,0x00000007429532f0,0x0000000744300000)
 Metaspace       used 60519K, committed 61888K, reserved 1114112K
  class space    used 7546K, committed 8128K, reserved 1048576K
}
Event: 3.497 GC heap after
{Heap after GC invocations=48 (full 3):
 PSYoungGen      total 15872K, used 672K [0x00000007c0000000, 0x00000007c1080000, 0x0000000800000000)
  eden space 14848K, 0% used [0x00000007c0000000,0x00000007c0000000,0x00000007c0e80000)
  from space 1024K, 65% used [0x00000007c0e80000,0x00000007c0f28010,0x00000007c0f80000)
  to   space 1024K, 0% used [0x00000007c0f80000,0x00000007c0f80000,0x00000007c1080000)
 ParOldGen       total 68608K, used 42667K [0x0000000740000000, 0x0000000744300000, 0x00000007c0000000)
  object space 68608K, 62% used [0x0000000740000000,0x00000007429aaf90,0x0000000744300000)
 Metaspace       used 60519K, committed 61888K, reserved 1114112K
  class space    used 7546K, committed 8128K, reserved 1048576K
}
Event: 5.941 GC heap before
{Heap before GC invocations=49 (full 3):
 PSYoungGen      total 15872K, used 15520K [0x00000007c0000000, 0x00000007c1080000, 0x0000000800000000)
  eden space 14848K, 100% used [0x00000007c0000000,0x00000007c0e80000,0x00000007c0e80000)
  from space 1024K, 65% used [0x00000007c0e80000,0x00000007c0f28010,0x00000007c0f80000)
  to   space 1024K, 0% used [0x00000007c0f80000,0x00000007c0f80000,0x00000007c1080000)
 ParOldGen       total 68608K, used 42667K [0x0000000740000000, 0x0000000744300000, 0x00000007c0000000)
  object space 68608K, 62% used [0x0000000740000000,0x00000007429aaf90,0x0000000744300000)
 Metaspace       used 61779K, committed 63104K, reserved 1114112K
  class space    used 7715K, committed 8256K, reserved 1048576K
}
Event: 5.942 GC heap after
{Heap after GC invocations=49 (full 3):
 PSYoungGen      total 12288K, used 1021K [0x00000007c0000000, 0x00000007c1780000, 0x0000000800000000)
  eden space 11264K, 0% used [0x00000007c0000000,0x00000007c0000000,0x00000007c0b00000)
  from space 1024K, 99% used [0x00000007c0f80000,0x00000007c107f538,0x00000007c1080000)
  to   space 4608K, 0% used [0x00000007c0b00000,0x00000007c0b00000,0x00000007c0f80000)
 ParOldGen       total 68608K, used 45585K [0x0000000740000000, 0x0000000744300000, 0x00000007c0000000)
  object space 68608K, 66% used [0x0000000740000000,0x0000000742c84438,0x0000000744300000)
 Metaspace       used 61779K, committed 63104K, reserved 1114112K
  class space    used 7715K, committed 8256K, reserved 1048576K
}
Event: 6.474 GC heap before
{Heap before GC invocations=50 (full 3):
 PSYoungGen      total 12288K, used 12285K [0x00000007c0000000, 0x00000007c1780000, 0x0000000800000000)
  eden space 11264K, 100% used [0x00000007c0000000,0x00000007c0b00000,0x00000007c0b00000)
  from space 1024K, 99% used [0x00000007c0f80000,0x00000007c107f538,0x00000007c1080000)
  to   space 4608K, 0% used [0x00000007c0b00000,0x00000007c0b00000,0x00000007c0f80000)
 ParOldGen       total 68608K, used 45585K [0x0000000740000000, 0x0000000744300000, 0x00000007c0000000)
  object space 68608K, 66% used [0x0000000740000000,0x0000000742c84438,0x0000000744300000)
 Metaspace       used 62429K, committed 63872K, reserved 1114112K
  class space    used 7799K, committed 8384K, reserved 1048576K
}
Event: 6.476 GC heap after
{Heap after GC invocations=50 (full 3):
 PSYoungGen      total 12800K, used 1283K [0x00000007c0000000, 0x00000007c1000000, 0x0000000800000000)
  eden space 11264K, 0% used [0x00000007c0000000,0x00000007c0000000,0x00000007c0b00000)
  from space 1536K, 83% used [0x00000007c0b00000,0x00000007c0c40c28,0x00000007c0c80000)
  to   space 2560K, 0% used [0x00000007c0d80000,0x00000007c0d80000,0x00000007c1000000)
 ParOldGen       total 68608K, used 46627K [0x0000000740000000, 0x0000000744300000, 0x00000007c0000000)
  object space 68608K, 67% used [0x0000000740000000,0x0000000742d88c88,0x0000000744300000)
 Metaspace       used 62429K, committed 63872K, reserved 1114112K
  class space    used 7799K, committed 8384K, reserved 1048576K
}
Event: 6.802 GC heap before
{Heap before GC invocations=51 (full 3):
 PSYoungGen      total 12800K, used 12547K [0x00000007c0000000, 0x00000007c1000000, 0x0000000800000000)
  eden space 11264K, 100% used [0x00000007c0000000,0x00000007c0b00000,0x00000007c0b00000)
  from space 1536K, 83% used [0x00000007c0b00000,0x00000007c0c40c28,0x00000007c0c80000)
  to   space 2560K, 0% used [0x00000007c0d80000,0x00000007c0d80000,0x00000007c1000000)
 ParOldGen       total 68608K, used 46627K [0x0000000740000000, 0x0000000744300000, 0x00000007c0000000)
  object space 68608K, 67% used [0x0000000740000000,0x0000000742d88c88,0x0000000744300000)
 Metaspace       used 63135K, committed 64512K, reserved 1114112K
  class space    used 7868K, committed 8448K, reserved 1048576K
}
Event: 6.803 GC heap after
{Heap after GC invocations=51 (full 3):
 PSYoungGen      total 12288K, used 693K [0x00000007c0000000, 0x00000007c0e80000, 0x0000000800000000)
  eden space 11264K, 0% used [0x00000007c0000000,0x00000007c0000000,0x00000007c0b00000)
  from space 1024K, 67% used [0x00000007c0d80000,0x00000007c0e2d5b0,0x00000007c0e80000)
  to   space 1536K, 0% used [0x00000007c0b80000,0x00000007c0b80000,0x00000007c0d00000)
 ParOldGen       total 68608K, used 47777K [0x0000000740000000, 0x0000000744300000, 0x00000007c0000000)
  object space 68608K, 69% used [0x0000000740000000,0x0000000742ea87c8,0x0000000744300000)
 Metaspace       used 63135K, committed 64512K, reserved 1114112K
  class space    used 7868K, committed 8448K, reserved 1048576K
}

Dll operation events (12 events):
Event: 0.002 Loaded shared library /home/yb/.serena/language_servers/static/EclipseJDTLS/vscode-java-1.54.0-923/extension/jre/21.0.10-linux-x86_64/lib/libjava.so
Event: 0.035 Loaded shared library /home/yb/.serena/language_servers/static/EclipseJDTLS/vscode-java-1.54.0-923/extension/jre/21.0.10-linux-x86_64/lib/libzip.so
Event: 0.047 Loaded shared library /home/yb/.serena/language_servers/static/EclipseJDTLS/vscode-java-1.54.0-923/extension/jre/21.0.10-linux-x86_64/lib/libinstrument.so
Event: 0.049 Loaded shared library /home/yb/.serena/language_servers/static/EclipseJDTLS/vscode-java-1.54.0-923/extension/jre/21.0.10-linux-x86_64/lib/libnio.so
Event: 0.050 Loaded shared library /home/yb/.serena/language_servers/static/EclipseJDTLS/vscode-java-1.54.0-923/extension/jre/21.0.10-linux-x86_64/lib/libzip.so
Event: 0.059 Loaded shared library /home/yb/.serena/language_servers/static/EclipseJDTLS/vscode-java-1.54.0-923/extension/jre/21.0.10-linux-x86_64/lib/libjimage.so
Event: 0.235 Loaded shared library /home/yb/.serena/language_servers/static/EclipseJDTLS/vscode-java-1.54.0-923/extension/jre/21.0.10-linux-x86_64/lib/libnet.so
Event: 0.604 Loaded shared library /home/yb/.serena/language_servers/static/EclipseJDTLS/workspaces/1d11b0505b98561433b146bbf42f8315/config_path/org.eclipse.equinox.launcher/org.eclipse.equinox.launcher.gtk.linux.x86_64_1.2.1500.v20250801-0854/eclipse_11916.so
Event: 1.209 Loaded shared library /home/yb/.serena/language_servers/static/EclipseJDTLS/vscode-java-1.54.0-923/extension/jre/21.0.10-linux-x86_64/lib/libmanagement.so
Event: 1.209 Loaded shared library /home/yb/.serena/language_servers/static/EclipseJDTLS/vscode-java-1.54.0-923/extension/jre/21.0.10-linux-x86_64/lib/libmanagement_ext.so
Event: 2.402 Loaded shared library /home/yb/.gradle/native/1def1411415f61bf3af743bc5b6707747c0891f09f0c88961ee8f79bc544acac/linux-amd64/libnative-platform.so
Event: 2.419 Loaded shared library /home/yb/.serena/language_servers/static/EclipseJDTLS/vscode-java-1.54.0-923/extension/jre/21.0.10-linux-x86_64/lib/libextnet.so

Deoptimization events (20 events):
Event: 6.789 Thread 0x00007f52d472c6d0 Uncommon trap: trap_request=0xfffffff4 fr.pc=0x00007f52c9b93864 relative=0x0000000000000244
Event: 6.789 Thread 0x00007f52d472c6d0 Uncommon trap: reason=null_check action=make_not_entrant pc=0x00007f52c9b93864 method=java.io.File.equals(Ljava/lang/Object;)Z @ 1 c2
Event: 6.789 Thread 0x00007f52d472c6d0 DEOPT PACKING pc=0x00007f52c9b93864 sp=0x00007f51facf8ad0
Event: 6.789 Thread 0x00007f52d472c6d0 DEOPT UNPACKING pc=0x00007f52c938a399 sp=0x00007f51facf8a88 mode 2
Event: 6.794 Thread 0x00007f51bc1d74a0 Uncommon trap: trap_request=0xffffff45 fr.pc=0x00007f52c99b24f8 relative=0x00000000000000d8
Event: 6.794 Thread 0x00007f51bc1d74a0 Uncommon trap: reason=unstable_if action=reinterpret pc=0x00007f52c99b24f8 method=java.util.stream.AbstractPipeline.sourceSpliterator(I)Ljava/util/Spliterator; @ 82 c2
Event: 6.794 Thread 0x00007f51bc1d74a0 DEOPT PACKING pc=0x00007f52c99b24f8 sp=0x00007f51fabf94a0
Event: 6.794 Thread 0x00007f51bc1d74a0 DEOPT UNPACKING pc=0x00007f52c938a399 sp=0x00007f51fabf9420 mode 2
Event: 10.669 Thread 0x00007f52d444ba50 Uncommon trap: trap_request=0xffffffde fr.pc=0x00007f52c9a72a48 relative=0x0000000000000be8
Event: 10.669 Thread 0x00007f52d444ba50 Uncommon trap: reason=class_check action=maybe_recompile pc=0x00007f52c9a72a48 method=java.util.concurrent.ConcurrentHashMap.putVal(Ljava/lang/Object;Ljava/lang/Object;Z)Ljava/lang/Object; @ 242 c2
Event: 10.669 Thread 0x00007f52d444ba50 DEOPT PACKING pc=0x00007f52c9a72a48 sp=0x00007f5274dfd8f0
Event: 10.669 Thread 0x00007f52d444ba50 DEOPT UNPACKING pc=0x00007f52c938a399 sp=0x00007f5274dfd860 mode 2
Event: 10.669 Thread 0x00007f51fc00f600 Uncommon trap: trap_request=0xffffffde fr.pc=0x00007f52c9a72a48 relative=0x0000000000000be8
Event: 10.669 Thread 0x00007f51fc00f600 Uncommon trap: reason=class_check action=maybe_recompile pc=0x00007f52c9a72a48 method=java.util.concurrent.ConcurrentHashMap.putVal(Ljava/lang/Object;Ljava/lang/Object;Z)Ljava/lang/Object; @ 242 c2
Event: 10.669 Thread 0x00007f51fc00f600 DEOPT PACKING pc=0x00007f52c9a72a48 sp=0x00007f51fbefd8f0
Event: 10.669 Thread 0x00007f51fc00f600 DEOPT UNPACKING pc=0x00007f52c938a399 sp=0x00007f51fbefd860 mode 2
Event: 10.669 Thread 0x00007f52d4453bc0 Uncommon trap: trap_request=0xffffffde fr.pc=0x00007f52c9a72a48 relative=0x0000000000000be8
Event: 10.669 Thread 0x00007f52d4453bc0 Uncommon trap: reason=class_check action=maybe_recompile pc=0x00007f52c9a72a48 method=java.util.concurrent.ConcurrentHashMap.putVal(Ljava/lang/Object;Ljava/lang/Object;Z)Ljava/lang/Object; @ 242 c2
Event: 10.669 Thread 0x00007f52d4453bc0 DEOPT PACKING pc=0x00007f52c9a72a48 sp=0x00007f5274afd8f0
Event: 10.669 Thread 0x00007f52d4453bc0 DEOPT UNPACKING pc=0x00007f52c938a399 sp=0x00007f5274afd860 mode 2

Classes loaded (20 events):
Event: 6.794 Loading class java/util/stream/Nodes$CollectorTask$OfRef
Event: 6.794 Loading class java/util/stream/Nodes$CollectorTask
Event: 6.794 Loading class java/util/stream/Nodes$CollectorTask done
Event: 6.794 Loading class java/util/stream/Nodes$CollectorTask$OfRef done
Event: 6.794 Loading class java/util/function/LongFunction
Event: 6.794 Loading class java/util/function/LongFunction done
Event: 6.794 Loading class java/util/stream/Nodes$ConcNode
Event: 6.794 Loading class java/util/stream/Nodes$AbstractConcNode
Event: 6.794 Loading class java/util/stream/Nodes$AbstractConcNode done
Event: 6.794 Loading class java/util/stream/Nodes$ConcNode done
Event: 6.988 Loading class java/util/ImmutableCollections$SubList
Event: 6.988 Loading class java/util/ImmutableCollections$SubList done
Event: 15.929 Loading class sun/security/ssl/Alert
Event: 15.929 Loading class sun/security/ssl/Alert done
Event: 15.929 Loading class sun/security/ssl/Alert$AlertConsumer
Event: 15.929 Loading class sun/security/ssl/Alert$AlertConsumer done
Event: 15.929 Loading class sun/security/ssl/Alert$Level
Event: 15.929 Loading class sun/security/ssl/Alert$Level done
Event: 15.930 Loading class java/net/SocketException
Event: 15.930 Loading class java/net/SocketException done

Classes unloaded (7 events):
Event: 1.438 Thread 0x00007f52d41ace70 Unloading class 0x00007f527617c800 'java/lang/invoke/LambdaForm$MH+0x00007f527617c800'
Event: 1.438 Thread 0x00007f52d41ace70 Unloading class 0x00007f527617c400 'java/lang/invoke/LambdaForm$MH+0x00007f527617c400'
Event: 1.438 Thread 0x00007f52d41ace70 Unloading class 0x00007f527617c000 'java/lang/invoke/LambdaForm$MH+0x00007f527617c000'
Event: 1.438 Thread 0x00007f52d41ace70 Unloading class 0x00007f527617bc00 'java/lang/invoke/LambdaForm$MH+0x00007f527617bc00'
Event: 1.438 Thread 0x00007f52d41ace70 Unloading class 0x00007f527617b800 'java/lang/invoke/LambdaForm$BMH+0x00007f527617b800'
Event: 1.438 Thread 0x00007f52d41ace70 Unloading class 0x00007f527617b400 'java/lang/invoke/LambdaForm$DMH+0x00007f527617b400'
Event: 1.438 Thread 0x00007f52d41ace70 Unloading class 0x00007f527617a000 'java/lang/invoke/LambdaForm$DMH+0x00007f527617a000'

Classes redefined (0 events):
No events

Internal exceptions (20 events):
Event: 6.377 Thread 0x00007f51bc199580 Exception <a 'java/lang/NoSuchMethodError'{0x00000007c04430e0}: static Lorg/gradle/internal/build/event/types/DefaultLineInFileLocation;.<clinit>()V> (0x00000007c04430e0) 
thrown [src/hotspot/share/prims/jni.cpp, line 1111]
Event: 6.434 Thread 0x00007f51bc199580 Exception <a 'java/lang/NoSuchMethodError'{0x00000007c04a1e60}: static Lorg/gradle/internal/classloader/ClassLoaderSpec;.<clinit>()V> (0x00000007c04a1e60) 
thrown [src/hotspot/share/prims/jni.cpp, line 1111]
Event: 6.434 Thread 0x00007f51bc199580 Exception <a 'java/lang/NoSuchMethodError'{0x00000007c04b2ad0}: static Lorg/gradle/internal/classloader/VisitableURLClassLoader$Spec;.<clinit>()V> (0x00000007c04b2ad0) 
thrown [src/hotspot/share/prims/jni.cpp, line 1111]
Event: 6.445 Thread 0x00007f51bc199580 Exception <a 'java/lang/NoSuchMethodError'{0x00000007c05e5730}: static [B.<clinit>()V> (0x00000007c05e5730) 
thrown [src/hotspot/share/prims/jni.cpp, line 1111]
Event: 6.451 Thread 0x00007f51bc199580 Exception <a 'java/lang/NoSuchMethodError'{0x00000007c070f358}: static Lorg/gradle/tooling/internal/protocol/InternalBuildActionFailureException;.<clinit>()V> (0x00000007c070f358) 
thrown [src/hotspot/share/prims/jni.cpp, line 1111]
Event: 6.452 Thread 0x00007f51bc199580 Exception <a 'java/lang/NoSuchMethodError'{0x00000007c0732080}: static [Ljava/lang/StackTraceElement;.<clinit>()V> (0x00000007c0732080) 
thrown [src/hotspot/share/prims/jni.cpp, line 1111]
Event: 6.458 Thread 0x00007f51c4009b30 Exception <a 'java/lang/ClassNotFoundException'{0x00000007c08249e8}: sun/misc/SharedSecrets> (0x00000007c08249e8) 
thrown [src/hotspot/share/classfile/systemDictionary.cpp, line 312]
Event: 6.459 Thread 0x00007f51c4009b30 Exception <a 'java/lang/NoSuchMethodError'{0x00000007c0875760}: 'void java.lang.invoke.DirectMethodHandle$Holder.invokeStatic(java.lang.Object, int, java.lang.Object)'> (0x00000007c0875760) 
thrown [src/hotspot/share/interpreter/linkResolver.cpp, line 772]
Event: 6.459 Thread 0x00007f51c4009b30 Exception <a 'java/lang/NoSuchMethodError'{0x00000007c0894ef8}: 'void java.lang.invoke.DirectMethodHandle$Holder.invokeSpecialIFC(java.lang.Object, java.lang.Object, java.lang.Object, java.lang.Object)'> (0x00000007c0894ef8) 
thrown [src/hotspot/share/interpreter/linkResolver.cpp, line 772]
Event: 6.749 Thread 0x00007f51bc1afef0 Implicit null exception at 0x00007f52c9cec966 to 0x00007f52c9ced8f8
Event: 6.761 Thread 0x00007f51bc1afef0 Exception <a 'java/lang/NoSuchMethodError'{0x00000007c048fec8}: static Lorg/gradle/api/GradleException;.<clinit>()V> (0x00000007c048fec8) 
thrown [src/hotspot/share/prims/jni.cpp, line 1111]
Event: 6.761 Thread 0x00007f51bc1afef0 Exception <a 'java/lang/NoSuchMethodError'{0x00000007c0491460}: static Lorg/gradle/internal/exceptions/ContextAwareException;.<clinit>()V> (0x00000007c0491460) 
thrown [src/hotspot/share/prims/jni.cpp, line 1111]
Event: 6.761 Thread 0x00007f51bc1afef0 Exception <a 'java/lang/NoSuchMethodError'{0x00000007c0493a80}: static Lorg/gradle/internal/exceptions/LocationAwareException;.<clinit>()V> (0x00000007c0493a80) 
thrown [src/hotspot/share/prims/jni.cpp, line 1111]
Event: 6.781 Thread 0x00007f51c4009b30 Exception <a 'sun/nio/fs/UnixException'{0x00000007c07a2830}> (0x00000007c07a2830) 
thrown [src/hotspot/share/prims/jni.cpp, line 520]
Event: 6.789 Thread 0x00007f52d472c6d0 Implicit null exception at 0x00007f52c9b9365a to 0x00007f52c9b93854
Event: 6.792 Thread 0x00007f51c0034190 Exception <a 'java/io/FileNotFoundException'{0x00000007c09e9de0}> (0x00000007c09e9de0) 
thrown [src/hotspot/share/prims/jni.cpp, line 520]
Event: 6.797 Thread 0x00007f51c4009b30 Exception <a 'java/lang/NoSuchMethodError'{0x00000007c0aa0170}: 'java.lang.Object java.lang.invoke.DirectMethodHandle$Holder.newInvokeSpecial(java.lang.Object, java.lang.Object, java.lang.Object, java.lang.Object, java.lang.Object, java.lang.Object, java.lang.Object, java.lang.Object)'> (0x00000007c0aa0170) 
thrown [src/hotspot/share/interpreter/linkResolver.cpp, line 772]
Event: 6.799 Thread 0x00007f51c4009b30 Exception <a 'sun/nio/fs/UnixException'{0x00000007c0ac57c8}> (0x00000007c0ac57c8) 
thrown [src/hotspot/share/prims/jni.cpp, line 520]
Event: 6.818 Thread 0x00007f51c0034190 Exception <a 'java/lang/NoSuchMethodError'{0x00000007c00cb690}: 'java.lang.Object java.lang.invoke.DirectMethodHandle$Holder.invokeSpecial(java.lang.Object, java.lang.Object, int, long)'> (0x00000007c00cb690) 
thrown [src/hotspot/share/interpreter/linkResolver.cpp, line 772]
Event: 6.823 Thread 0x00007f51c0034190 Exception <a 'java/lang/NoSuchMethodError'{0x00000007c01914b8}: 'java.lang.Object java.lang.invoke.DirectMethodHandle$Holder.invokeStatic(java.lang.Object, java.lang.Object, int, java.lang.Object)'> (0x00000007c01914b8) 
thrown [src/hotspot/share/interpreter/linkResolver.cpp, line 772]

ZGC Phase Switch (0 events):
No events

VM Operations (20 events):
Event: 6.343 Executing non-safepoint VM operation: HandshakeAllThreads (Deoptimize)
Event: 6.343 Executing non-safepoint VM operation: HandshakeAllThreads (Deoptimize) done
Event: 6.441 Executing non-safepoint VM operation: HandshakeAllThreads (Deoptimize)
Event: 6.441 Executing non-safepoint VM operation: HandshakeAllThreads (Deoptimize) done
Event: 6.448 Executing non-safepoint VM operation: HandshakeAllThreads (Deoptimize)
Event: 6.448 Executing non-safepoint VM operation: HandshakeAllThreads (Deoptimize) done
Event: 6.455 Executing non-safepoint VM operation: HandshakeAllThreads (Deoptimize)
Event: 6.455 Executing non-safepoint VM operation: HandshakeAllThreads (Deoptimize) done
Event: 6.474 Executing safepoint VM operation: ParallelGCFailedAllocation (Allocation Failure)
Event: 6.476 Executing safepoint VM operation: ParallelGCFailedAllocation (Allocation Failure) done
Event: 6.802 Executing safepoint VM operation: ParallelGCFailedAllocation (Allocation Failure)
Event: 6.803 Executing safepoint VM operation: ParallelGCFailedAllocation (Allocation Failure) done
Event: 7.803 Executing safepoint VM operation: Cleanup
Event: 7.803 Executing safepoint VM operation: Cleanup done
Event: 8.803 Executing safepoint VM operation: Cleanup
Event: 8.804 Executing safepoint VM operation: Cleanup done
Event: 10.804 Executing safepoint VM operation: Cleanup
Event: 10.804 Executing safepoint VM operation: Cleanup done
Event: 16.804 Executing safepoint VM operation: Cleanup
Event: 16.804 Executing safepoint VM operation: Cleanup done

Memory protections (20 events):
Event: 2.313 Protecting memory [0x00007f51fa8fb000,0x00007f51fa8ff000] with protection modes 0
Event: 2.746 Protecting memory [0x00007f51fa8fb000,0x00007f51fa8ff000] with protection modes 0
Event: 2.792 Protecting memory [0x00007f51fa500000,0x00007f51fa504000] with protection modes 0
Event: 2.793 Protecting memory [0x00007f51fa400000,0x00007f51fa404000] with protection modes 0
Event: 2.798 Protecting memory [0x00007f51fa400000,0x00007f51fa404000] with protection modes 0
Event: 2.799 Protecting memory [0x00007f51fa300000,0x00007f51fa304000] with protection modes 0
Event: 3.052 Protecting memory [0x00007f51fa200000,0x00007f51fa204000] with protection modes 0
Event: 3.478 Protecting memory [0x00007f51fa200000,0x00007f51fa204000] with protection modes 0
Event: 3.511 Protecting memory [0x00007f51fa100000,0x00007f51fa104000] with protection modes 0
Event: 3.518 Protecting memory [0x00007f52d9e55000,0x00007f52d9e59000] with protection modes 0
Event: 3.520 Protecting memory [0x00007f51fa000000,0x00007f51fa004000] with protection modes 0
Event: 3.520 Protecting memory [0x00007f51fa000000,0x00007f51fa004000] with protection modes 0
Event: 5.928 Protecting memory [0x00007f51fa100000,0x00007f51fa104000] with protection modes 0
Event: 6.379 Protecting memory [0x00007f51fa000000,0x00007f51fa004000] with protection modes 0
Event: 6.465 Protecting memory [0x00007f51fa300000,0x00007f51fa304000] with protection modes 0
Event: 6.465 Protecting memory [0x00007f51fa200000,0x00007f51fa204000] with protection modes 0
Event: 6.473 Protecting memory [0x00007f51fa200000,0x00007f51fa204000] with protection modes 0
Event: 6.473 Protecting memory [0x00007f51fa000000,0x00007f51fa004000] with protection modes 0
Event: 6.479 Protecting memory [0x00007f52c0500000,0x00007f52c0504000] with protection modes 0
Event: 6.793 Protecting memory [0x00007f51faafb000,0x00007f51faaff000] with protection modes 0

Nmethod flushes (20 events):
Event: 3.244 Thread 0x00007f52d41ace70 flushing  nmethod 0x00007f52c27cef10
Event: 3.244 Thread 0x00007f52d41ace70 flushing  nmethod 0x00007f52c27d0310
Event: 3.244 Thread 0x00007f52d41ace70 flushing  nmethod 0x00007f52c27d0790
Event: 3.244 Thread 0x00007f52d41ace70 flushing  nmethod 0x00007f52c27d7590
Event: 3.244 Thread 0x00007f52d41ace70 flushing  nmethod 0x00007f52c27d7a10
Event: 3.244 Thread 0x00007f52d41ace70 flushing  nmethod 0x00007f52c27d9010
Event: 3.244 Thread 0x00007f52d41ace70 flushing  nmethod 0x00007f52c27f1190
Event: 3.244 Thread 0x00007f52d41ace70 flushing  nmethod 0x00007f52c2805110
Event: 3.244 Thread 0x00007f52d41ace70 flushing  nmethod 0x00007f52c2808c90
Event: 3.244 Thread 0x00007f52d41ace70 flushing  nmethod 0x00007f52c2809110
Event: 3.244 Thread 0x00007f52d41ace70 flushing  nmethod 0x00007f52c280a990
Event: 3.244 Thread 0x00007f52d41ace70 flushing  nmethod 0x00007f52c280b010
Event: 3.244 Thread 0x00007f52d41ace70 flushing  nmethod 0x00007f52c280b890
Event: 3.244 Thread 0x00007f52d41ace70 flushing  nmethod 0x00007f52c280c210
Event: 3.244 Thread 0x00007f52d41ace70 flushing  nmethod 0x00007f52c2811e10
Event: 3.244 Thread 0x00007f52d41ace70 flushing  nmethod 0x00007f52c2816a90
Event: 3.244 Thread 0x00007f52d41ace70 flushing  nmethod 0x00007f52c281dc10
Event: 3.244 Thread 0x00007f52d41ace70 flushing  nmethod 0x00007f52c282c910
Event: 3.244 Thread 0x00007f52d41ace70 flushing  nmethod 0x00007f52c282fe10
Event: 3.244 Thread 0x00007f52d41ace70 flushing  nmethod 0x00007f52c283e690

Events (20 events):
Event: 6.473 Thread 0x00007f51c4009b30 Thread added: 0x00007f51bc1afef0
Event: 6.479 Thread 0x00007f51bc1afef0 Thread added: 0x00007f5178001740
Event: 6.749 Thread 0x00007f5178001740 Thread exited: 0x00007f5178001740
Event: 6.764 Thread 0x00007f51bc1afef0 Thread exited: 0x00007f51bc1afef0
Event: 6.777 Thread 0x00007f51bc08b7a0 Thread exited: 0x00007f51bc08b7a0
Event: 6.793 Thread 0x00007f51c4009b30 Thread added: 0x00007f51bc1d74a0
Event: 6.794 Thread 0x00007f51bc1d74a0 Thread exited: 0x00007f51bc1d74a0
Event: 10.669 Thread 0x00007f51fc005aa0 Thread exited: 0x00007f51fc005aa0
Event: 10.669 Thread 0x00007f52d444ba50 Thread exited: 0x00007f52d444ba50
Event: 10.669 Thread 0x00007f52d444d1b0 Thread exited: 0x00007f52d444d1b0
Event: 10.669 Thread 0x00007f51f0000fc0 Thread exited: 0x00007f51f0000fc0
Event: 10.669 Thread 0x00007f52d4453bc0 Thread exited: 0x00007f52d4453bc0
Event: 10.669 Thread 0x00007f51fc00f600 Thread exited: 0x00007f51fc00f600
Event: 10.669 Thread 0x00007f522c001aa0 Thread exited: 0x00007f522c001aa0
Event: 10.669 Thread 0x00007f51fc006bd0 Thread exited: 0x00007f51fc006bd0
Event: 10.670 Thread 0x00007f52d444dd70 Thread exited: 0x00007f52d444dd70
Event: 10.670 Thread 0x00007f51fc004ab0 Thread exited: 0x00007f51fc004ab0
Event: 10.670 Thread 0x00007f51fc00b620 Thread exited: 0x00007f51fc00b620
Event: 10.670 Thread 0x00007f52d4449b40 Thread exited: 0x00007f52d4449b40
Event: 20.930 Thread 0x00007f51c4092f00 Thread exited: 0x00007f51c4092f00


Dynamic libraries:
740000000-744300000 rw-p 00000000 00:00 0 
744300000-7c0000000 ---p 00000000 00:00 0 
7c0000000-7c0e80000 rw-p 00000000 00:00 0 
7c0e80000-800000000 ---p 00000000 00:00 0 
60f9e5fa0000-60f9e5fa1000 r-xp 00000000 00:21 26260049                   /home/yb/.serena/language_servers/static/EclipseJDTLS/vscode-java-1.54.0-923/extension/jre/21.0.10-linux-x86_64/bin/java
60f9e5fa2000-60f9e5fa3000 r--p 00001000 00:21 26260049                   /home/yb/.serena/language_servers/static/EclipseJDTLS/vscode-java-1.54.0-923/extension/jre/21.0.10-linux-x86_64/bin/java
60f9e5fa3000-60f9e5fa4000 rw-p 00002000 00:21 26260049                   /home/yb/.serena/language_servers/static/EclipseJDTLS/vscode-java-1.54.0-923/extension/jre/21.0.10-linux-x86_64/bin/java
60fa0464e000-60fa04695000 rw-p 00000000 00:00 0                          [heap]
7f5178000000-7f517846d000 rw-p 00000000 00:00 0 
7f517846d000-7f517c000000 ---p 00000000 00:00 0 
7f5180000000-7f5180021000 rw-p 00000000 00:00 0 
7f5180021000-7f5184000000 ---p 00000000 00:00 0 
7f5184000000-7f5184021000 rw-p 00000000 00:00 0 
7f5184021000-7f5188000000 ---p 00000000 00:00 0 
7f5188000000-7f51883bd000 rw-p 00000000 00:00 0 
7f51883bd000-7f518c000000 ---p 00000000 00:00 0 
7f518c000000-7f518c021000 rw-p 00000000 00:00 0 
7f518c021000-7f5190000000 ---p 00000000 00:00 0 
7f5190000000-7f5190021000 rw-p 00000000 00:00 0 
7f5190021000-7f5194000000 ---p 00000000 00:00 0 
7f5194000000-7f5194021000 rw-p 00000000 00:00 0 
7f5194021000-7f5198000000 ---p 00000000 00:00 0 
7f5198000000-7f5198021000 rw-p 00000000 00:00 0 
7f5198021000-7f519c000000 ---p 00000000 00:00 0 
7f519c000000-7f519d10e000 rw-p 00000000 00:00 0 
7f519d10e000-7f51a0000000 ---p 00000000 00:00 0 
7f51a0000000-7f51a0088000 rw-p 00000000 00:00 0 
7f51a0088000-7f51a4000000 ---p 00000000 00:00 0 
7f51a4000000-7f51a4021000 rw-p 00000000 00:00 0 
7f51a4021000-7f51a8000000 ---p 00000000 00:00 0 
7f51a8000000-7f51a803d000 rw-p 00000000 00:00 0 
7f51a803d000-7f51ac000000 ---p 00000000 00:00 0 
7f51ac000000-7f51ac021000 rw-p 00000000 00:00 0 
7f51ac021000-7f51b0000000 ---p 00000000 00:00 0 
7f51b0000000-7f51b0465000 rw-p 00000000 00:00 0 
7f51b0465000-7f51b4000000 ---p 00000000 00:00 0 
7f51b4000000-7f51b4021000 rw-p 00000000 00:00 0 
7f51b4021000-7f51b8000000 ---p 00000000 00:00 0 
7f51b8000000-7f51b8021000 rw-p 00000000 00:00 0 
7f51b8021000-7f51bc000000 ---p 00000000 00:00 0 
7f51bc000000-7f51bc1ea000 rw-p 00000000 00:00 0 
7f51bc1ea000-7f51c0000000 ---p 00000000 00:00 0 
7f51c0000000-7f51c0071000 rw-p 00000000 00:00 0 
7f51c0071000-7f51c4000000 ---p 00000000 00:00 0 
7f51c4000000-7f51c40b3000 rw-p 00000000 00:00 0 
7f51c40b3000-7f51c8000000 ---p 00000000 00:00 0 
7f51c8000000-7f51c8021000 rw-p 00000000 00:00 0 
7f51c8021000-7f51cc000000 ---p 00000000 00:00 0 
7f51cc000000-7f51cc021000 rw-p 00000000 00:00 0 
7f51cc021000-7f51d0000000 ---p 00000000 00:00 0 
7f51d0000000-7f51d0021000 rw-p 00000000 00:00 0 
7f51d0021000-7f51d4000000 ---p 00000000 00:00 0 
7f51d4000000-7f51d4021000 rw-p 00000000 00:00 0 
7f51d4021000-7f51d8000000 ---p 00000000 00:00 0 
7f51d8000000-7f51d8021000 rw-p 00000000 00:00 0 
7f51d8021000-7f51dc000000 ---p 00000000 00:00 0 
7f51dc000000-7f51dc021000 rw-p 00000000 00:00 0 
7f51dc021000-7f51e0000000 ---p 00000000 00:00 0 
7f51e0000000-7f51e0021000 rw-p 00000000 00:00 0 
7f51e0021000-7f51e4000000 ---p 00000000 00:00 0 
7f51e4000000-7f51e4021000 rw-p 00000000 00:00 0 
7f51e4021000-7f51e8000000 ---p 00000000 00:00 0 
7f51e8000000-7f51e8021000 rw-p 00000000 00:00 0 
7f51e8021000-7f51ec000000 ---p 00000000 00:00 0 
7f51ec000000-7f51ec021000 rw-p 00000000 00:00 0 
7f51ec021000-7f51f0000000 ---p 00000000 00:00 0 
7f51f0000000-7f51f0021000 rw-p 00000000 00:00 0 
7f51f0021000-7f51f4000000 ---p 00000000 00:00 0 
7f51f4000000-7f51f4021000 rw-p 00000000 00:00 0 
7f51f4021000-7f51f8000000 ---p 00000000 00:00 0 
7f51fa000000-7f51fa004000 ---p 00000000 00:00 0 
7f51fa004000-7f51fa100000 rw-p 00000000 00:00 0 
7f51fa100000-7f51fa104000 ---p 00000000 00:00 0 
7f51fa104000-7f51fa200000 rw-p 00000000 00:00 0 
7f51fa200000-7f51fa204000 ---p 00000000 00:00 0 
7f51fa204000-7f51fa300000 rw-p 00000000 00:00 0 
7f51fa300000-7f51fa304000 ---p 00000000 00:00 0 
7f51fa304000-7f51fa400000 rw-p 00000000 00:00 0 
7f51fa400000-7f51fa404000 ---p 00000000 00:00 0 
7f51fa404000-7f51fa500000 rw-p 00000000 00:00 0 
7f51fa500000-7f51fa504000 ---p 00000000 00:00 0 
7f51fa504000-7f51fa600000 rw-p 00000000 00:00 0 
7f51fa600000-7f51fa605000 r-xp 00000000 00:21 19846789                   /home/yb/.gradle/native/1def1411415f61bf3af743bc5b6707747c0891f09f0c88961ee8f79bc544acac/linux-amd64/libnative-platform.so
7f51fa605000-7f51fa805000 ---p 00005000 00:21 19846789                   /home/yb/.gradle/native/1def1411415f61bf3af743bc5b6707747c0891f09f0c88961ee8f79bc544acac/linux-amd64/libnative-platform.so
7f51fa805000-7f51fa806000 r--p 00005000 00:21 19846789                   /home/yb/.gradle/native/1def1411415f61bf3af743bc5b6707747c0891f09f0c88961ee8f79bc544acac/linux-amd64/libnative-platform.so
7f51fa806000-7f51fa807000 rw-p 00006000 00:21 19846789                   /home/yb/.gradle/native/1def1411415f61bf3af743bc5b6707747c0891f09f0c88961ee8f79bc544acac/linux-amd64/libnative-platform.so
7f51fa8fb000-7f51fa8ff000 ---p 00000000 00:00 0 
7f51fa8ff000-7f51fa9fb000 rw-p 00000000 00:00 0 
7f51fa9fb000-7f51fa9ff000 ---p 00000000 00:00 0 
7f51fa9ff000-7f51faafb000 rw-p 00000000 00:00 0 
7f51faafb000-7f51faaff000 ---p 00000000 00:00 0 
7f51faaff000-7f51fabfb000 rw-p 00000000 00:00 0 
7f51fabfb000-7f51fabff000 ---p 00000000 00:00 0 
7f51fabff000-7f51facfb000 rw-p 00000000 00:00 0 
7f51facfb000-7f51facff000 ---p 00000000 00:00 0 
7f51facff000-7f51fadfb000 rw-p 00000000 00:00 0 
7f51fadfb000-7f51fadff000 ---p 00000000 00:00 0 
7f51fadff000-7f51faefb000 rw-p 00000000 00:00 0 
7f51faefb000-7f51faeff000 ---p 00000000 00:00 0 
7f51faeff000-7f51faffb000 rw-p 00000000 00:00 0 
7f51faffb000-7f51fafff000 ---p 00000000 00:00 0 
7f51fafff000-7f51fb0fb000 rw-p 00000000 00:00 0 
7f51fb0fb000-7f51fb0ff000 ---p 00000000 00:00 0 
7f51fb0ff000-7f51fb1fb000 rw-p 00000000 00:00 0 
7f51fb1fb000-7f51fb1ff000 ---p 00000000 00:00 0 
7f51fb1ff000-7f51fb2fb000 rw-p 00000000 00:00 0 
7f51fb2fb000-7f51fb2ff000 ---p 00000000 00:00 0 
7f51fb2ff000-7f51fb3fb000 rw-p 00000000 00:00 0 
7f51fb3fb000-7f51fb3ff000 ---p 00000000 00:00 0 
7f51fb3ff000-7f51fb8ff000 rw-p 00000000 00:00 0 
7f51fb8ff000-7f51fb903000 ---p 00000000 00:00 0 
7f51fb903000-7f51fb9ff000 rw-p 00000000 00:00 0 
7f51fb9ff000-7f51fba03000 ---p 00000000 00:00 0 
7f51fba03000-7f51fbc00000 rw-p 00000000 00:00 0 
7f51fbc00000-7f51fbc04000 ---p 00000000 00:00 0 
7f51fbc04000-7f51fbd00000 rw-p 00000000 00:00 0 
7f51fbd00000-7f51fbd04000 ---p 00000000 00:00 0 
7f51fbd04000-7f51fbe00000 rw-p 00000000 00:00 0 
7f51fbe00000-7f51fbe04000 ---p 00000000 00:00 0 
7f51fbe04000-7f51fbf00000 rw-p 00000000 00:00 0 
7f51fbf00000-7f51fbf04000 ---p 00000000 00:00 0 
7f51fbf04000-7f51fc000000 rw-p 00000000 00:00 0 
7f51fc000000-7f51fc035000 rw-p 00000000 00:00 0 
7f51fc035000-7f5200000000 ---p 00000000 00:00 0 
7f5200000000-7f5200021000 rw-p 00000000 00:00 0 
7f5200021000-7f5204000000 ---p 00000000 00:00 0 
7f5204000000-7f5204021000 rw-p 00000000 00:00 0 
7f5204021000-7f5208000000 ---p 00000000 00:00 0 
7f5208000000-7f5208021000 rw-p 00000000 00:00 0 
7f5208021000-7f520c000000 ---p 00000000 00:00 0 
7f520c000000-7f520cd6e000 rw-p 00000000 00:00 0 
7f520cd6e000-7f5210000000 ---p 00000000 00:00 0 
7f5210000000-7f52117c8000 rw-p 00000000 00:00 0 
7f52117c8000-7f5214000000 ---p 00000000 00:00 0 
7f5214000000-7f5214021000 rw-p 00000000 00:00 0 
7f5214021000-7f5218000000 ---p 00000000 00:00 0 
7f5218000000-7f5218021000 rw-p 00000000 00:00 0 
7f5218021000-7f521c000000 ---p 00000000 00:00 0 
7f521c000000-7f521c021000 rw-p 00000000 00:00 0 
7f521c021000-7f5220000000 ---p 00000000 00:00 0 
7f5220000000-7f5220021000 rw-p 00000000 00:00 0 
7f5220021000-7f5224000000 ---p 00000000 00:00 0 
7f5224000000-7f5224021000 rw-p 00000000 00:00 0 
7f5224021000-7f5228000000 ---p 00000000 00:00 0 
7f5228000000-7f5228021000 rw-p 00000000 00:00 0 
7f5228021000-7f522c000000 ---p 00000000 00:00 0 
7f522c000000-7f522c021000 rw-p 00000000 00:00 0 
7f522c021000-7f5230000000 ---p 00000000 00:00 0 
7f5230000000-7f5230021000 rw-p 00000000 00:00 0 
7f5230021000-7f5234000000 ---p 00000000 00:00 0 
7f5234000000-7f5234021000 rw-p 00000000 00:00 0 
7f5234021000-7f5238000000 ---p 00000000 00:00 0 
7f5238000000-7f5238021000 rw-p 00000000 00:00 0 
7f5238021000-7f523c000000 ---p 00000000 00:00 0 
7f523c000000-7f523c021000 rw-p 00000000 00:00 0 
7f523c021000-7f5240000000 ---p 00000000 00:00 0 
7f5240000000-7f5240021000 rw-p 00000000 00:00 0 
7f5240021000-7f5244000000 ---p 00000000 00:00 0 
7f5244000000-7f5244021000 rw-p 00000000 00:00 0 
7f5244021000-7f5248000000 ---p 00000000 00:00 0 
7f5248000000-7f5249a69000 rw-p 00000000 00:00 0 
7f5249a69000-7f524c000000 ---p 00000000 00:00 0 
7f524c000000-7f524d53d000 rw-p 00000000 00:00 0 
7f524d53d000-7f5250000000 ---p 00000000 00:00 0 
7f5250000000-7f5250a5e000 rw-p 00000000 00:00 0 
7f5250a5e000-7f5254000000 ---p 00000000 00:00 0 
7f5254000000-7f5254021000 rw-p 00000000 00:00 0 
7f5254021000-7f5258000000 ---p 00000000 00:00 0 
7f5258000000-7f5258021000 rw-p 00000000 00:00 0 
7f5258021000-7f525c000000 ---p 00000000 00:00 0 
7f525c000000-7f525c021000 rw-p 00000000 00:00 0 
7f525c021000-7f5260000000 ---p 00000000 00:00 0 
7f5260000000-7f5260021000 rw-p 00000000 00:00 0 
7f5260021000-7f5264000000 ---p 00000000 00:00 0 
7f5264000000-7f52640bf000 rw-p 00000000 00:00 0 
7f52640bf000-7f5268000000 ---p 00000000 00:00 0 
7f5268000000-7f5268021000 rw-p 00000000 00:00 0 
7f5268021000-7f526c000000 ---p 00000000 00:00 0 
7f526c000000-7f526c400000 rw-p 00000000 00:00 0 
7f526c400000-7f526c780000 rw-p 00000000 00:00 0 
7f526c780000-7f526c800000 rw-p 00000000 00:00 0 
7f526c800000-7f526c900000 rw-p 00000000 00:00 0 
7f526c900000-7f526ca00000 rw-p 00000000 00:00 0 
7f526ca00000-7f526cb00000 rw-p 00000000 00:00 0 
7f526cb00000-7f526cc00000 rw-p 00000000 00:00 0 
7f526cc00000-7f526d100000 rw-p 00000000 00:00 0 
7f526d100000-7f526d200000 rw-p 00000000 00:00 0 
7f526d200000-7f526d5c0000 rw-p 00000000 00:00 0 
7f526d5c0000-7f526d600000 rw-p 00000000 00:00 0 
7f526d600000-7f526d700000 rw-p 00000000 00:00 0 
7f526d700000-7f526d800000 rw-p 00000000 00:00 0 
7f526d800000-7f526d980000 rw-p 00000000 00:00 0 
7f526d980000-7f526da00000 rw-p 00000000 00:00 0 
7f526da00000-7f526db00000 rw-p 00000000 00:00 0 
7f526db00000-7f526dc00000 rw-p 00000000 00:00 0 
7f526dc00000-7f526dd00000 rw-p 00000000 00:00 0 
7f526dd00000-7f526de00000 rw-p 00000000 00:00 0 
7f526de00000-7f526e900000 rw-p 00000000 00:00 0 
7f526e900000-7f526ea00000 rw-p 00000000 00:00 0 
7f526ea00000-7f526ed80000 rw-p 00000000 00:00 0 
7f526ed80000-7f526ee00000 rw-p 00000000 00:00 0 
7f526ee00000-7f526ef00000 rw-p 00000000 00:00 0 
7f526ef00000-7f526f000000 rw-p 00000000 00:00 0 
7f526f000000-7f526f580000 rw-p 00000000 00:00 0 
7f526f580000-7f526f600000 rw-p 00000000 00:00 0 
7f526f600000-7f526f710000 rw-p 00000000 00:00 0 
7f526f710000-7f5270000000 ---p 00000000 00:00 0 
7f5270000000-7f5270021000 rw-p 00000000 00:00 0 
7f5270021000-7f5274000000 ---p 00000000 00:00 0 
7f52740ff000-7f5274103000 ---p 00000000 00:00 0 
7f5274103000-7f52741ff000 rw-p 00000000 00:00 0 
7f52741ff000-7f5274203000 ---p 00000000 00:00 0 
7f5274203000-7f52742ff000 rw-p 00000000 00:00 0 
7f52742ff000-7f5274303000 ---p 00000000 00:00 0 
7f5274303000-7f52743ff000 rw-p 00000000 00:00 0 
7f52743ff000-7f5274403000 ---p 00000000 00:00 0 
7f5274403000-7f5274600000 rw-p 00000000 00:00 0 
7f5274600000-7f5274604000 ---p 00000000 00:00 0 
7f5274604000-7f5274700000 rw-p 00000000 00:00 0 
7f5274700000-7f5274704000 ---p 00000000 00:00 0 
7f5274704000-7f5274800000 rw-p 00000000 00:00 0 
7f5274800000-7f5274804000 ---p 00000000 00:00 0 
7f5274804000-7f5274900000 rw-p 00000000 00:00 0 
7f5274900000-7f5274904000 ---p 00000000 00:00 0 
7f5274904000-7f5274a00000 rw-p 00000000 00:00 0 
7f5274a00000-7f5274a04000 ---p 00000000 00:00 0 
7f5274a04000-7f5274b00000 rw-p 00000000 00:00 0 
7f5274b00000-7f5274b04000 ---p 00000000 00:00 0 
7f5274b04000-7f5274c00000 rw-p 00000000 00:00 0 
7f5274c00000-7f5274c04000 ---p 00000000 00:00 0 
7f5274c04000-7f5274d00000 rw-p 00000000 00:00 0 
7f5274d00000-7f5274d04000 ---p 00000000 00:00 0 
7f5274d04000-7f5274e00000 rw-p 00000000 00:00 0 
7f5274e00000-7f5274e04000 ---p 00000000 00:00 0 
7f5274e04000-7f5274f00000 rw-p 00000000 00:00 0 
7f5274f00000-7f5274f04000 ---p 00000000 00:00 0 
7f5274f04000-7f5275000000 rw-p 00000000 00:00 0 
7f5275000000-7f5275bbb000 rw-p 00001000 00:21 26260083                   /home/yb/.serena/language_servers/static/EclipseJDTLS/vscode-java-1.54.0-923/extension/jre/21.0.10-linux-x86_64/lib/server/classes.jsa
7f5275bbb000-7f5276000000 ---p 00000000 00:00 0 
7f5276000000-7f5276040000 rw-p 00000000 00:00 0 
7f5276040000-7f52760c0000 rw-p 00000000 00:00 0 
7f52760c0000-7f5276100000 rw-p 00000000 00:00 0 
7f5276100000-7f52761c0000 rw-p 00000000 00:00 0 
7f52761c0000-7f5276200000 rw-p 00000000 00:00 0 
7f5276200000-7f52762e0000 rw-p 00000000 00:00 0 
7f52762e0000-7f5276300000 rw-p 00000000 00:00 0 
7f5276300000-7f5276360000 rw-p 00000000 00:00 0 
7f5276360000-7f52764c0000 rw-p 00000000 00:00 0 
7f52764c0000-7f5276500000 rw-p 00000000 00:00 0 
7f5276500000-7f5276680000 rw-p 00000000 00:00 0 
7f5276680000-7f52767f0000 rw-p 00000000 00:00 0 
7f52767f0000-7f5276800000 ---p 00000000 00:00 0 
7f5276800000-7f5276850000 rw-p 00000000 00:00 0 
7f5276850000-7f52b6000000 ---p 00000000 00:00 0 
7f52b6000000-7f52bc021000 rw-p 00000000 00:00 0 
7f52bc021000-7f52c0000000 ---p 00000000 00:00 0 
7f52c00fd000-7f52c0400000 rw-p 00000000 00:00 0 
7f52c0400000-7f52c0404000 ---p 00000000 00:00 0 
7f52c0404000-7f52c0500000 rw-p 00000000 00:00 0 
7f52c0500000-7f52c0504000 ---p 00000000 00:00 0 
7f52c0504000-7f52c0600000 rw-p 00000000 00:00 0 
7f52c0600000-7f52c0604000 ---p 00000000 00:00 0 
7f52c0604000-7f52c0700000 rw-p 00000000 00:00 0 
7f52c0700000-7f52c0704000 ---p 00000000 00:00 0 
7f52c0704000-7f52c0800000 rw-p 00000000 00:00 0 
7f52c0800000-7f52c0804000 ---p 00000000 00:00 0 
7f52c0804000-7f52c0900000 rw-p 00000000 00:00 0 
7f52c0900000-7f52c0904000 ---p 00000000 00:00 0 
7f52c0904000-7f52c0a00000 rw-p 00000000 00:00 0 
7f52c0a00000-7f52c0a04000 ---p 00000000 00:00 0 
7f52c0a04000-7f52c0b00000 rw-p 00000000 00:00 0 
7f52c0b00000-7f52c0b04000 ---p 00000000 00:00 0 
7f52c0b04000-7f52c0c00000 rw-p 00000000 00:00 0 
7f52c0c00000-7f52c0c04000 ---p 00000000 00:00 0 
7f52c0c04000-7f52c0d00000 rw-p 00000000 00:00 0 
7f52c0d00000-7f52c0d04000 ---p 00000000 00:00 0 
7f52c0d04000-7f52c0e00000 rw-p 00000000 00:00 0 
7f52c0e00000-7f52c10ee000 r--p 00000000 00:21 82561090                   /nix/store/c59mcax29xrwyfdqs308wkmn2srnmzkn-glibc-locales-2.42-67/lib/locale/locale-archive
7f52c10f3000-7f52c11f4000 rw-p 00000000 00:00 0 
7f52c11f4000-7f52c1e00000 rw-p 00000000 00:00 0 
7f52c1e00000-7f52c2bb0000 rwxp 00000000 00:00 0 
7f52c2bb0000-7f52c9337000 ---p 00000000 00:00 0 
7f52c9337000-7f52c95a7000 rwxp 00000000 00:00 0 
7f52c95a7000-7f52c98c9000 ---p 00000000 00:00 0 
7f52c98c9000-7f52c9d29000 rwxp 00000000 00:00 0 
7f52c9d29000-7f52d0e00000 ---p 00000000 00:00 0 
7f52d0e00000-7f52d3fda000 r--s 00000000 00:21 26259970                   /home/yb/.serena/language_servers/static/EclipseJDTLS/vscode-java-1.54.0-923/extension/jre/21.0.10-linux-x86_64/lib/modules
7f52d4000000-7f52d4898000 rw-p 00000000 00:00 0 
7f52d4898000-7f52d8000000 ---p 00000000 00:00 0 
7f52d806c000-7f52d927e000 rw-p 00000000 00:00 0 
7f52d927e000-7f52d937f000 rw-p 00000000 00:00 0 
7f52d937f000-7f52d9a22000 rw-p 00000000 00:00 0 
7f52d9a22000-7f52d9e00000 ---p 00000000 00:00 0 
7f52d9e55000-7f52d9e59000 ---p 00000000 00:00 0 
7f52d9e59000-7f52d9e77000 rw-p 00000000 00:00 0 
7f52d9e77000-7f52d9f13000 rw-p 00000000 00:00 0 
7f52d9f13000-7f52da014000 rw-p 00000000 00:00 0 
7f52da014000-7f52da036000 rw-p 00000000 00:00 0 
7f52da036000-7f52da414000 ---p 00000000 00:00 0 
7f52da414000-7f52da41c000 rw-p 00000000 00:00 0 
7f52da41c000-7f52da615000 ---p 00000000 00:00 0 
7f52da615000-7f52da61e000 rw-p 00000000 00:00 0 
7f52da61e000-7f52da700000 ---p 00000000 00:00 0 
7f52da700000-7f52da704000 ---p 00000000 00:00 0 
7f52da704000-7f52da800000 rw-p 00000000 00:00 0 
7f52da800000-7f52dbc1d000 r-xp 00000000 00:21 26260080                   /home/yb/.serena/language_servers/static/EclipseJDTLS/vscode-java-1.54.0-923/extension/jre/21.0.10-linux-x86_64/lib/server/libjvm.so
7f52dbc1d000-7f52dbcf2000 r--p 0141c000 00:21 26260080                   /home/yb/.serena/language_servers/static/EclipseJDTLS/vscode-java-1.54.0-923/extension/jre/21.0.10-linux-x86_64/lib/server/libjvm.so
7f52dbcf2000-7f52dbd22000 rw-p 014f1000 00:21 26260080                   /home/yb/.serena/language_servers/static/EclipseJDTLS/vscode-java-1.54.0-923/extension/jre/21.0.10-linux-x86_64/lib/server/libjvm.so
7f52dbd22000-7f52dbd88000 rw-p 00000000 00:00 0 
7f52dbda8000-7f52dbdae000 r-xp 00000000 00:21 26259982                   /home/yb/.serena/language_servers/static/EclipseJDTLS/vscode-java-1.54.0-923/extension/jre/21.0.10-linux-x86_64/lib/libmanagement_ext.so
7f52dbdae000-7f52dbdaf000 r--p 00005000 00:21 26259982                   /home/yb/.serena/language_servers/static/EclipseJDTLS/vscode-java-1.54.0-923/extension/jre/21.0.10-linux-x86_64/lib/libmanagement_ext.so
7f52dbdaf000-7f52dbdb0000 rw-p 00006000 00:21 26259982                   /home/yb/.serena/language_servers/static/EclipseJDTLS/vscode-java-1.54.0-923/extension/jre/21.0.10-linux-x86_64/lib/libmanagement_ext.so
7f52dbdb0000-7f52dbdb4000 r--p 00000000 00:21 26260422                   /home/yb/.serena/language_servers/static/EclipseJDTLS/workspaces/1d11b0505b98561433b146bbf42f8315/config_path/org.eclipse.equinox.launcher/org.eclipse.equinox.launcher.gtk.linux.x86_64_1.2.1500.v20250801-0854/eclipse_11916.so
7f52dbdb4000-7f52dbdbe000 r-xp 00004000 00:21 26260422                   /home/yb/.serena/language_servers/static/EclipseJDTLS/workspaces/1d11b0505b98561433b146bbf42f8315/config_path/org.eclipse.equinox.launcher/org.eclipse.equinox.launcher.gtk.linux.x86_64_1.2.1500.v20250801-0854/eclipse_11916.so
7f52dbdbe000-7f52dbdc1000 r--p 0000e000 00:21 26260422                   /home/yb/.serena/language_servers/static/EclipseJDTLS/workspaces/1d11b0505b98561433b146bbf42f8315/config_path/org.eclipse.equinox.launcher/org.eclipse.equinox.launcher.gtk.linux.x86_64_1.2.1500.v20250801-0854/eclipse_11916.so
7f52dbdc1000-7f52dbdc2000 r--p 00010000 00:21 26260422                   /home/yb/.serena/language_servers/static/EclipseJDTLS/workspaces/1d11b0505b98561433b146bbf42f8315/config_path/org.eclipse.equinox.launcher/org.eclipse.equinox.launcher.gtk.linux.x86_64_1.2.1500.v20250801-0854/eclipse_11916.so
7f52dbdc2000-7f52dbdc3000 rw-p 00011000 00:21 26260422                   /home/yb/.serena/language_servers/static/EclipseJDTLS/workspaces/1d11b0505b98561433b146bbf42f8315/config_path/org.eclipse.equinox.launcher/org.eclipse.equinox.launcher.gtk.linux.x86_64_1.2.1500.v20250801-0854/eclipse_11916.so
7f52dbdc3000-7f52dbe00000 rw-p 00000000 00:00 0 
7f52dbe00000-7f52dbe28000 r--p 00000000 00:21 87701424                   /nix/store/0d8g8n0a11v6f5m2h416ajyxmnkwc3md-glibc-2.42-67/lib/libc.so.6
7f52dbe28000-7f52dbfa7000 r-xp 00028000 00:21 87701424                   /nix/store/0d8g8n0a11v6f5m2h416ajyxmnkwc3md-glibc-2.42-67/lib/libc.so.6
7f52dbfa7000-7f52dbff6000 r--p 001a7000 00:21 87701424                   /nix/store/0d8g8n0a11v6f5m2h416ajyxmnkwc3md-glibc-2.42-67/lib/libc.so.6
7f52dbff6000-7f52dbffa000 r--p 001f5000 00:21 87701424                   /nix/store/0d8g8n0a11v6f5m2h416ajyxmnkwc3md-glibc-2.42-67/lib/libc.so.6
7f52dbffa000-7f52dbffc000 rw-p 001f9000 00:21 87701424                   /nix/store/0d8g8n0a11v6f5m2h416ajyxmnkwc3md-glibc-2.42-67/lib/libc.so.6
7f52dbffc000-7f52dc009000 rw-p 00000000 00:00 0 
7f52dc009000-7f52dc00d000 r-xp 00000000 00:21 26259984                   /home/yb/.serena/language_servers/static/EclipseJDTLS/vscode-java-1.54.0-923/extension/jre/21.0.10-linux-x86_64/lib/libmanagement.so
7f52dc00d000-7f52dc00e000 r--p 00003000 00:21 26259984                   /home/yb/.serena/language_servers/static/EclipseJDTLS/vscode-java-1.54.0-923/extension/jre/21.0.10-linux-x86_64/lib/libmanagement.so
7f52dc00e000-7f52dc00f000 rw-p 00004000 00:21 26259984                   /home/yb/.serena/language_servers/static/EclipseJDTLS/vscode-java-1.54.0-923/extension/jre/21.0.10-linux-x86_64/lib/libmanagement.so
7f52dc00f000-7f52dc01b000 r-xp 00000000 00:21 26259980                   /home/yb/.serena/language_servers/static/EclipseJDTLS/vscode-java-1.54.0-923/extension/jre/21.0.10-linux-x86_64/lib/libnet.so
7f52dc01b000-7f52dc01c000 r--p 0000b000 00:21 26259980                   /home/yb/.serena/language_servers/static/EclipseJDTLS/vscode-java-1.54.0-923/extension/jre/21.0.10-linux-x86_64/lib/libnet.so
7f52dc01c000-7f52dc01d000 rw-p 0000c000 00:21 26259980                   /home/yb/.serena/language_servers/static/EclipseJDTLS/vscode-java-1.54.0-923/extension/jre/21.0.10-linux-x86_64/lib/libnet.so
7f52dc01d000-7f52dc039000 rw-p 00000000 00:00 0 
7f52dc039000-7f52dc108000 ---p 00000000 00:00 0 
7f52dc108000-7f52dc119000 r--p 00000000 00:21 87701431                   /nix/store/0d8g8n0a11v6f5m2h416ajyxmnkwc3md-glibc-2.42-67/lib/libm.so.6
7f52dc119000-7f52dc19e000 r-xp 00011000 00:21 87701431                   /nix/store/0d8g8n0a11v6f5m2h416ajyxmnkwc3md-glibc-2.42-67/lib/libm.so.6
7f52dc19e000-7f52dc1fe000 r--p 00096000 00:21 87701431                   /nix/store/0d8g8n0a11v6f5m2h416ajyxmnkwc3md-glibc-2.42-67/lib/libm.so.6
7f52dc1fe000-7f52dc1ff000 r--p 000f5000 00:21 87701431                   /nix/store/0d8g8n0a11v6f5m2h416ajyxmnkwc3md-glibc-2.42-67/lib/libm.so.6
7f52dc1ff000-7f52dc200000 rw-p 000f6000 00:21 87701431                   /nix/store/0d8g8n0a11v6f5m2h416ajyxmnkwc3md-glibc-2.42-67/lib/libm.so.6
7f52dc200000-7f52dc201000 r--p 00000000 00:21 87960677                   /nix/store/8vwi7adw2lxwng23nlyycm8cb92am3gc-nix-ld-2.0.6/bin/nix-ld
7f52dc201000-7f52dc20b000 r-xp 00001000 00:21 87960677                   /nix/store/8vwi7adw2lxwng23nlyycm8cb92am3gc-nix-ld-2.0.6/bin/nix-ld
7f52dc20b000-7f52dc20e000 r--p 0000b000 00:21 87960677                   /nix/store/8vwi7adw2lxwng23nlyycm8cb92am3gc-nix-ld-2.0.6/bin/nix-ld
7f52dc20e000-7f52dc210000 rw-p 0000e000 00:21 87960677                   /nix/store/8vwi7adw2lxwng23nlyycm8cb92am3gc-nix-ld-2.0.6/bin/nix-ld
7f52dc210000-7f52dc713000 rw-p 00000000 00:00 0 
7f52dc713000-7f52dc715000 r-xp 00000000 00:21 26260002                   /home/yb/.serena/language_servers/static/EclipseJDTLS/vscode-java-1.54.0-923/extension/jre/21.0.10-linux-x86_64/lib/libextnet.so
7f52dc715000-7f52dc716000 r--p 00001000 00:21 26260002                   /home/yb/.serena/language_servers/static/EclipseJDTLS/vscode-java-1.54.0-923/extension/jre/21.0.10-linux-x86_64/lib/libextnet.so
7f52dc716000-7f52dc717000 rw-p 00002000 00:21 26260002                   /home/yb/.serena/language_servers/static/EclipseJDTLS/vscode-java-1.54.0-923/extension/jre/21.0.10-linux-x86_64/lib/libextnet.so
7f52dc717000-7f52dc72b000 r-xp 00000000 00:21 26259979                   /home/yb/.serena/language_servers/static/EclipseJDTLS/vscode-java-1.54.0-923/extension/jre/21.0.10-linux-x86_64/lib/libnio.so
7f52dc72b000-7f52dc72c000 r--p 00013000 00:21 26259979                   /home/yb/.serena/language_servers/static/EclipseJDTLS/vscode-java-1.54.0-923/extension/jre/21.0.10-linux-x86_64/lib/libnio.so
7f52dc72c000-7f52dc72d000 rw-p 00014000 00:21 26259979                   /home/yb/.serena/language_servers/static/EclipseJDTLS/vscode-java-1.54.0-923/extension/jre/21.0.10-linux-x86_64/lib/libnio.so
7f52dc72d000-7f52dc748000 r-xp 00000000 00:21 26259971                   /home/yb/.serena/language_servers/static/EclipseJDTLS/vscode-java-1.54.0-923/extension/jre/21.0.10-linux-x86_64/lib/libzip.so
7f52dc748000-7f52dc749000 r--p 0001a000 00:21 26259971                   /home/yb/.serena/language_servers/static/EclipseJDTLS/vscode-java-1.54.0-923/extension/jre/21.0.10-linux-x86_64/lib/libzip.so
7f52dc749000-7f52dc74a000 rw-p 0001b000 00:21 26259971                   /home/yb/.serena/language_servers/static/EclipseJDTLS/vscode-java-1.54.0-923/extension/jre/21.0.10-linux-x86_64/lib/libzip.so
7f52dc74a000-7f52dc74f000 rw-p 00000000 00:00 0 
7f52dc74f000-7f52dc756000 ---p 00000000 00:00 0 
7f52dc756000-7f52dc75e000 rw-s 00000000 00:21 6042225                    /tmp/hsperfdata_yb/425163
7f52dc75e000-7f52dc77f000 r-xp 00000000 00:21 26259994                   /home/yb/.serena/language_servers/static/EclipseJDTLS/vscode-java-1.54.0-923/extension/jre/21.0.10-linux-x86_64/lib/libjava.so
7f52dc77f000-7f52dc780000 r--p 00020000 00:21 26259994                   /home/yb/.serena/language_servers/static/EclipseJDTLS/vscode-java-1.54.0-923/extension/jre/21.0.10-linux-x86_64/lib/libjava.so
7f52dc780000-7f52dc781000 rw-p 00021000 00:21 26259994                   /home/yb/.serena/language_servers/static/EclipseJDTLS/vscode-java-1.54.0-923/extension/jre/21.0.10-linux-x86_64/lib/libjava.so
7f52dc781000-7f52dc782000 rw-p 00000000 00:00 0 
7f52dc782000-7f52dc78c000 r-xp 00000000 00:21 26259999                   /home/yb/.serena/language_servers/static/EclipseJDTLS/vscode-java-1.54.0-923/extension/jre/21.0.10-linux-x86_64/lib/libinstrument.so
7f52dc78c000-7f52dc78d000 ---p 0000a000 00:21 26259999                   /home/yb/.serena/language_servers/static/EclipseJDTLS/vscode-java-1.54.0-923/extension/jre/21.0.10-linux-x86_64/lib/libinstrument.so
7f52dc78d000-7f52dc78e000 r--p 0000a000 00:21 26259999                   /home/yb/.serena/language_servers/static/EclipseJDTLS/vscode-java-1.54.0-923/extension/jre/21.0.10-linux-x86_64/lib/libinstrument.so
7f52dc78e000-7f52dc78f000 rw-p 0000b000 00:21 26259999                   /home/yb/.serena/language_servers/static/EclipseJDTLS/vscode-java-1.54.0-923/extension/jre/21.0.10-linux-x86_64/lib/libinstrument.so
7f52dc78f000-7f52dc790000 ---p 00000000 00:00 0 
7f52dc790000-7f52dc791000 r--p 00000000 00:00 0 
7f52dc791000-7f52dc7ac000 r-xp 00000000 00:21 26259990                   /home/yb/.serena/language_servers/static/EclipseJDTLS/vscode-java-1.54.0-923/extension/jre/21.0.10-linux-x86_64/lib/libjimage.so
7f52dc7ac000-7f52dc7ad000 ---p 0001b000 00:21 26259990                   /home/yb/.serena/language_servers/static/EclipseJDTLS/vscode-java-1.54.0-923/extension/jre/21.0.10-linux-x86_64/lib/libjimage.so
7f52dc7ad000-7f52dc7af000 r--p 0001b000 00:21 26259990                   /home/yb/.serena/language_servers/static/EclipseJDTLS/vscode-java-1.54.0-923/extension/jre/21.0.10-linux-x86_64/lib/libjimage.so
7f52dc7af000-7f52dc7b0000 rw-p 0001d000 00:21 26259990                   /home/yb/.serena/language_servers/static/EclipseJDTLS/vscode-java-1.54.0-923/extension/jre/21.0.10-linux-x86_64/lib/libjimage.so
7f52dc7b0000-7f52dc7b1000 r--p 00000000 00:21 87701450                   /nix/store/0d8g8n0a11v6f5m2h416ajyxmnkwc3md-glibc-2.42-67/lib/librt.so.1
7f52dc7b1000-7f52dc7b2000 r-xp 00001000 00:21 87701450                   /nix/store/0d8g8n0a11v6f5m2h416ajyxmnkwc3md-glibc-2.42-67/lib/librt.so.1
7f52dc7b2000-7f52dc7b3000 r--p 00002000 00:21 87701450                   /nix/store/0d8g8n0a11v6f5m2h416ajyxmnkwc3md-glibc-2.42-67/lib/librt.so.1
7f52dc7b3000-7f52dc7b4000 r--p 00002000 00:21 87701450                   /nix/store/0d8g8n0a11v6f5m2h416ajyxmnkwc3md-glibc-2.42-67/lib/librt.so.1
7f52dc7b4000-7f52dc7b5000 rw-p 00003000 00:21 87701450                   /nix/store/0d8g8n0a11v6f5m2h416ajyxmnkwc3md-glibc-2.42-67/lib/librt.so.1
7f52dc7b5000-7f52dc7b7000 rw-p 00000000 00:00 0 
7f52dc7b7000-7f52dc7b8000 r--p 00000000 00:21 87701429                   /nix/store/0d8g8n0a11v6f5m2h416ajyxmnkwc3md-glibc-2.42-67/lib/libdl.so.2
7f52dc7b8000-7f52dc7b9000 r-xp 00001000 00:21 87701429                   /nix/store/0d8g8n0a11v6f5m2h416ajyxmnkwc3md-glibc-2.42-67/lib/libdl.so.2
7f52dc7b9000-7f52dc7ba000 r--p 00002000 00:21 87701429                   /nix/store/0d8g8n0a11v6f5m2h416ajyxmnkwc3md-glibc-2.42-67/lib/libdl.so.2
7f52dc7ba000-7f52dc7bb000 r--p 00002000 00:21 87701429                   /nix/store/0d8g8n0a11v6f5m2h416ajyxmnkwc3md-glibc-2.42-67/lib/libdl.so.2
7f52dc7bb000-7f52dc7bc000 rw-p 00003000 00:21 87701429                   /nix/store/0d8g8n0a11v6f5m2h416ajyxmnkwc3md-glibc-2.42-67/lib/libdl.so.2
7f52dc7bc000-7f52dc7bd000 r--p 00000000 00:21 87701446                   /nix/store/0d8g8n0a11v6f5m2h416ajyxmnkwc3md-glibc-2.42-67/lib/libpthread.so.0
7f52dc7bd000-7f52dc7be000 r-xp 00001000 00:21 87701446                   /nix/store/0d8g8n0a11v6f5m2h416ajyxmnkwc3md-glibc-2.42-67/lib/libpthread.so.0
7f52dc7be000-7f52dc7bf000 r--p 00002000 00:21 87701446                   /nix/store/0d8g8n0a11v6f5m2h416ajyxmnkwc3md-glibc-2.42-67/lib/libpthread.so.0
7f52dc7bf000-7f52dc7c0000 r--p 00002000 00:21 87701446                   /nix/store/0d8g8n0a11v6f5m2h416ajyxmnkwc3md-glibc-2.42-67/lib/libpthread.so.0
7f52dc7c0000-7f52dc7c1000 rw-p 00003000 00:21 87701446                   /nix/store/0d8g8n0a11v6f5m2h416ajyxmnkwc3md-glibc-2.42-67/lib/libpthread.so.0
7f52dc7c1000-7f52dc7da000 r-xp 00000000 00:21 26259989                   /home/yb/.serena/language_servers/static/EclipseJDTLS/vscode-java-1.54.0-923/extension/jre/21.0.10-linux-x86_64/lib/libjli.so
7f52dc7da000-7f52dc7db000 r--p 00018000 00:21 26259989                   /home/yb/.serena/language_servers/static/EclipseJDTLS/vscode-java-1.54.0-923/extension/jre/21.0.10-linux-x86_64/lib/libjli.so
7f52dc7db000-7f52dc7dc000 rw-p 00019000 00:21 26259989                   /home/yb/.serena/language_servers/static/EclipseJDTLS/vscode-java-1.54.0-923/extension/jre/21.0.10-linux-x86_64/lib/libjli.so
7f52dc7dc000-7f52dc7de000 rw-p 00000000 00:00 0 
7f52dc7de000-7f52dc7df000 r--p 00000000 00:21 87701418                   /nix/store/0d8g8n0a11v6f5m2h416ajyxmnkwc3md-glibc-2.42-67/lib/ld-linux-x86-64.so.2
7f52dc7df000-7f52dc80a000 r-xp 00001000 00:21 87701418                   /nix/store/0d8g8n0a11v6f5m2h416ajyxmnkwc3md-glibc-2.42-67/lib/ld-linux-x86-64.so.2
7f52dc80a000-7f52dc815000 r--p 0002c000 00:21 87701418                   /nix/store/0d8g8n0a11v6f5m2h416ajyxmnkwc3md-glibc-2.42-67/lib/ld-linux-x86-64.so.2
7f52dc815000-7f52dc817000 r--p 00037000 00:21 87701418                   /nix/store/0d8g8n0a11v6f5m2h416ajyxmnkwc3md-glibc-2.42-67/lib/ld-linux-x86-64.so.2
7f52dc817000-7f52dc818000 rw-p 00039000 00:21 87701418                   /nix/store/0d8g8n0a11v6f5m2h416ajyxmnkwc3md-glibc-2.42-67/lib/ld-linux-x86-64.so.2
7f52dc818000-7f52dc819000 rw-p 00000000 00:00 0 
7f52dc819000-7f52dc81a000 ---p 00000000 00:00 0 
7f52dc81a000-7f52dc81b000 rw-p 00000000 00:00 0 
7f52dc81b000-7f52dc81f000 r--p 00000000 00:00 0                          [vvar]
7f52dc81f000-7f52dc821000 r--p 00000000 00:00 0                          [vvar_vclock]
7f52dc821000-7f52dc823000 r-xp 00000000 00:00 0                          [vdso]
7fff11e91000-7fff11eb5000 rw-p 00000000 00:00 0                          [stack]
ffffffffff600000-ffffffffff601000 --xp 00000000 00:00 0                  [vsyscall]
Total number of mappings: 401

JVMTI agents:
/home/yb/.serena/language_servers/static/EclipseJDTLS/vscode-java-1.54.0-923/extension/lombok/lombok-1.18.39-4050.jar path:none, loaded, initialized, instrumentlib options:none


VM Arguments:
jvm_args: --add-modules=ALL-SYSTEM --add-opens=java.base/java.util=ALL-UNNAMED --add-opens=java.base/java.lang=ALL-UNNAMED --add-opens=java.base/sun.nio.fs=ALL-UNNAMED -Declipse.application=org.eclipse.jdt.ls.core.id1 -Dosgi.bundles.defaultStartLevel=4 -Declipse.product=org.eclipse.jdt.ls.core.product -Djava.import.generatesMetadataFilesAtProjectRoot=false -Dfile.encoding=utf8 -Xverify:none -XX:+UseParallelGC -XX:GCTimeRatio=4 -XX:AdaptiveSizePolicyWeight=90 -Dsun.zip.disableMemoryMapping=true -Djava.lsp.joinOnCompletion=true -Xmx3G -Xms100m -Xlog:disable -Dlog.level=ALL -javaagent:/home/yb/.serena/language_servers/static/EclipseJDTLS/vscode-java-1.54.0-923/extension/lombok/lombok-1.18.39-4050.jar -Djdt.core.sharedIndexLocation=/home/yb/.serena/language_servers/static/lsp/EclipseJDTLS/sharedIndex 
java_command: /home/yb/.serena/language_servers/static/EclipseJDTLS/vscode-java-1.54.0-923/extension/server/plugins/org.eclipse.equinox.launcher_1.7.100.v20251111-0406.jar -configuration /home/yb/.serena/language_servers/static/EclipseJDTLS/workspaces/1d11b0505b98561433b146bbf42f8315/config_path -data /home/yb/.serena/language_servers/static/EclipseJDTLS/workspaces/1d11b0505b98561433b146bbf42f8315/data_dir
java_class_path (initial): /home/yb/.serena/language_servers/static/EclipseJDTLS/vscode-java-1.54.0-923/extension/server/plugins/org.eclipse.equinox.launcher_1.7.100.v20251111-0406.jar
Launcher Type: SUN_STANDARD

[Global flags]
    uintx AdaptiveSizePolicyWeight                 = 90                                        {product} {command line}
     intx CICompilerCount                          = 4                                         {product} {ergonomic}
    uintx GCTimeRatio                              = 4                                         {product} {command line}
   size_t InitialHeapSize                          = 104857600                                 {product} {command line}
   size_t MaxHeapSize                              = 3221225472                                {product} {command line}
   size_t MaxNewSize                               = 1073741824                                {product} {ergonomic}
   size_t MinHeapDeltaBytes                        = 524288                                    {product} {ergonomic}
   size_t MinHeapSize                              = 104857600                                 {product} {command line}
   size_t NewSize                                  = 34603008                                  {product} {ergonomic}
    uintx NonNMethodCodeHeapSize                   = 5839372                                {pd product} {ergonomic}
    uintx NonProfiledCodeHeapSize                  = 122909434                              {pd product} {ergonomic}
   size_t OldSize                                  = 70254592                                  {product} {ergonomic}
    uintx ProfiledCodeHeapSize                     = 122909434                              {pd product} {ergonomic}
    uintx ReservedCodeCacheSize                    = 251658240                              {pd product} {ergonomic}
     bool SegmentedCodeCache                       = true                                      {product} {ergonomic}
   size_t SoftMaxHeapSize                          = 3221225472                             {manageable} {ergonomic}
     bool UseCompressedOops                        = true                           {product lp64_product} {ergonomic}
     bool UseParallelGC                            = true                                      {product} {command line}

Logging:
Log output configuration:
 #0: stdout all=off uptime,level,tags foldmultilines=false
 #1: stderr all=off uptime,level,tags foldmultilines=false

Release file:
JAVA_VERSION="21.0.10"
MODULES="java.base java.compiler java.datatransfer java.xml java.prefs java.desktop java.instrument java.logging java.management java.security.sasl java.naming java.rmi java.management.rmi java.net.http java.scripting java.security.jgss java.transaction.xa java.sql java.sql.rowset java.xml.crypto java.se java.smartcardio jdk.accessibility jdk.internal.jvmstat jdk.attach jdk.charsets jdk.internal.opt jdk.zipfs jdk.compiler jdk.crypto.ec jdk.crypto.cryptoki jdk.dynalink jdk.internal.ed jdk.editpad jdk.hotspot.agent jdk.httpserver jdk.internal.le jdk.internal.vm.ci jdk.internal.vm.compiler jdk.internal.vm.compiler.management jdk.jartool jdk.javadoc jdk.jcmd jdk.management jdk.management.agent jdk.jconsole jdk.jdeps jdk.jdwp.agent jdk.jdi jdk.jfr jdk.jshell jdk.jsobject jdk.jstatd jdk.localedata jdk.management.jfr jdk.naming.dns jdk.naming.rmi jdk.net jdk.nio.mapmode jdk.random jdk.sctp jdk.security.auth jdk.security.jgss jdk.unsupported jdk.unsupported.desktop jdk.xml.dom"

Environment Variables:
JAVA_HOME=/home/yb/.serena/language_servers/static/EclipseJDTLS/vscode-java-1.54.0-923/extension/jre/21.0.10-linux-x86_64
PATH=/home/yb/.cache/uv/archive-v0/gbyEGgh8LkCzI7WJ/bin:/home/yb/.local/bin:/home/yb/.bun/bin:/home/yb/.cargo/bin:/home/yb/.avm/bin:/home/yb/.local/share/solana/install/active_release/bin:/nix/store/i24mfkgsg2zjqh0jasw2pw3jxjqldp3p-ghostty-1.2.2/bin:/home/yb/.cargo/bin:/home/yb/.local/share/solana/install/active_release/bin:/run/wrappers/bin:/run/wrappers/bin:/home/yb/.local/share/flatpak/exports/bin:/var/lib/flatpak/exports/bin:/home/yb/.nix-profile/bin:/nix/profile/bin:/home/yb/.local/state/nix/profile/bin:/etc/profiles/per-user/yb/bin:/nix/var/nix/profiles/default/bin:/run/current-system/sw/bin:/home/yb/.local/share/JetBrains/Toolbox/scripts:/nix/store/pbsm8dv4d5nhdmdr494ibwsq393cvka2-kitty-0.48.2/bin:/nix/store/8vqxf9rr4ahfvm27h3a3nqvym06d8ky4-imagemagick-7.1.2-29/bin:/nix/store/95ybh1gp460fpy1x8yg2wwaqsw3ciqnx-ncurses-6.6-dev/bin
SHELL=/run/current-system/sw/bin/fish
DISPLAY=:0
WAYLAND_DISPLAY=wayland-1
LANG=en_US.UTF-8
TERM=xterm-256color

Active Locale:
LC_ALL=en_US.UTF-8
LC_COLLATE=en_US.UTF-8
LC_CTYPE=en_US.UTF-8
LC_MESSAGES=en_US.UTF-8
LC_MONETARY=en_US.UTF-8
LC_NUMERIC=en_US.UTF-8
LC_TIME=en_US.UTF-8

Signal Handlers:
   SIGSEGV: crash_handler in libjvm.so, mask=11100100010111111101111111111110, flags=SA_RESTART|SA_SIGINFO, unblocked
    SIGBUS: crash_handler in libjvm.so, mask=11100100010111111101111111111110, flags=SA_RESTART|SA_SIGINFO, unblocked
    SIGFPE: crash_handler in libjvm.so, mask=11100100010111111101111111111110, flags=SA_RESTART|SA_SIGINFO, unblocked
   SIGPIPE: javaSignalHandler in libjvm.so, mask=11100100010111111101111111111110, flags=SA_RESTART|SA_SIGINFO, blocked
   SIGXFSZ: javaSignalHandler in libjvm.so, mask=11100100010111111101111111111110, flags=SA_RESTART|SA_SIGINFO, blocked
    SIGILL: crash_handler in libjvm.so, mask=11100100010111111101111111111110, flags=SA_RESTART|SA_SIGINFO, unblocked
   SIGUSR2: SR_handler in libjvm.so, mask=00000000000000000000000000000000, flags=SA_RESTART|SA_SIGINFO, blocked
    SIGHUP: UserHandler in libjvm.so, mask=11100100010111111101111111111110, flags=SA_RESTART|SA_SIGINFO, blocked
    SIGINT: UserHandler in libjvm.so, mask=11100100010111111101111111111110, flags=SA_RESTART|SA_SIGINFO, blocked
   SIGTERM: UserHandler in libjvm.so, mask=11100100010111111101111111111110, flags=SA_RESTART|SA_SIGINFO, blocked
   SIGQUIT: UserHandler in libjvm.so, mask=11100100010111111101111111111110, flags=SA_RESTART|SA_SIGINFO, blocked
   SIGTRAP: crash_handler in libjvm.so, mask=11100100010111111101111111111110, flags=SA_RESTART|SA_SIGINFO, unblocked


Periodic native trim disabled

---------------  S Y S T E M  ---------------

OS:
DISTRIB_CODENAME=zokor
DISTRIB_DESCRIPTION="NixOS 26.11 (Zokor)"
DISTRIB_ID=nixos
DISTRIB_RELEASE="26.11"
LSB_VERSION="26.11 (Zokor)"
uname: Linux 7.2.0 #1-NixOS SMP PREEMPT_DYNAMIC Sun Aug 16 21:32:26 UTC 2026 x86_64
OS uptime: 0 days 11:58 hours
libc: glibc 2.42 NPTL 2.42 
rlimit (soft/hard): STACK 8192k/infinity , CORE infinity/infinity , NPROC 125762/125762 , NOFILE 524288/524288 , AS infinity/infinity , CPU infinity/infinity , DATA infinity/infinity , FSIZE infinity/infinity , MEMLOCK 8192k/8192k
load average: 1.30 0.77 1.15

/proc/meminfo:
MemTotal:       32233312 kB
MemFree:         2255956 kB
MemAvailable:   16407848 kB
Buffers:            3032 kB
Cached:         15351464 kB
SwapCached:            0 kB
Active:         11618248 kB
Inactive:       16005156 kB
Active(anon):    9865520 kB
Inactive(anon):  3811560 kB
Active(file):    1752728 kB
Inactive(file): 12193596 kB
Unevictable:       89784 kB
Mlocked:               0 kB
SwapTotal:      49670648 kB
SwapFree:       49659540 kB
Zswap:                 0 kB
Zswapped:              0 kB
Dirty:             81488 kB
Writeback:           276 kB
AnonPages:      12359580 kB
Mapped:          3132748 kB
Shmem:           1318752 kB
KReclaimable:     668016 kB
Slab:            1071572 kB
SReclaimable:     668016 kB
SUnreclaim:       403556 kB
KernelStack:       31472 kB
PageTables:       145012 kB
SecPageTables:      4468 kB
NFS_Unstable:          0 kB
Bounce:                0 kB
WritebackTmp:          0 kB
CommitLimit:    65787304 kB
Committed_AS:   45270768 kB
VmallocTotal:   34359738367 kB
VmallocUsed:      358752 kB
VmallocChunk:          0 kB
Percpu:            11664 kB
HardwareCorrupted:     0 kB
AnonHugePages:     86016 kB
ShmemHugePages:        0 kB
ShmemPmdMapped:        0 kB
FileHugePages:         0 kB
FilePmdMapped:         0 kB
CmaTotal:              0 kB
CmaFree:               0 kB
Unaccepted:            0 kB
Balloon:               0 kB
GPUActive:         14572 kB
GPUReclaim:         3348 kB
HugePages_Total:       0
HugePages_Free:        0
HugePages_Rsvd:        0
HugePages_Surp:        0
Hugepagesize:       2048 kB
Hugetlb:               0 kB
DirectMap4k:     1295676 kB
DirectMap2M:    17989632 kB
DirectMap1G:    13631488 kB

/sys/kernel/mm/transparent_hugepage/enabled: always [madvise] never
/sys/kernel/mm/transparent_hugepage/hpage_pmd_size: 2097152
/sys/kernel/mm/transparent_hugepage/defrag (defrag/compaction efforts parameter): always defer defer+madvise [madvise] never

Process Memory:
Virtual Size: 8887792K (peak: 8950356K)
Resident Set Size: 294596K (peak: 327344K) (anon: 279856K, file: 14740K, shmem: 0K)
Swapped out: 0K
C-Heap outstanding allocations: 89203K, retained: 79644K
glibc malloc tunables: (default)

/proc/sys/kernel/threads-max (system-wide limit on the number of threads): 251525
/proc/sys/vm/max_map_count (maximum number of memory map areas a process may have): 1048576
/proc/sys/vm/swappiness (control to define how aggressively the kernel swaps out anonymous memory): 180
/proc/sys/kernel/pid_max (system-wide limit on number of process identifiers): 4194304

container information not found.
Steal ticks since vm start: 0
Steal ticks percentage since vm start:  0.000

CPU: total 12 (initial active 12) (12 cores per cpu, 2 threads per core) family 25 model 80 stepping 0 microcode 0xa500012, cx8, cmov, fxsr, ht, mmx, 3dnowpref, sse, sse2, sse3, ssse3, sse4a, sse4.1, sse4.2, popcnt, lzcnt, tsc, tscinvbit, avx, avx2, aes, erms, clmul, bmi1, bmi2, adx, sha, fma, vzeroupper, clflush, clflushopt, rdtscp, rdpid, fsrm, f16c, pku, ospke, cet_ss
CPU Model and flags from /proc/cpuinfo:
model name	: AMD Ryzen 5 5600G with Radeon Graphics
flags		: fpu vme de pse tsc msr pae mce cx8 apic sep mtrr pge mca cmov pat pse36 clflush mmx fxsr sse sse2 ht syscall nx mmxext fxsr_opt pdpe1gb rdtscp lm constant_tsc rep_good nopl xtopology nonstop_tsc cpuid extd_apicid aperfmperf rapl pni pclmulqdq monitor ssse3 fma cx16 sse4_1 sse4_2 movbe popcnt aes xsave avx f16c rdrand lahf_lm cmp_legacy svm extapic cr8_legacy abm sse4a misalignsse 3dnowprefetch osvw ibs skinit wdt tce topoext perfctr_core perfctr_nb bpext perfctr_llc mwaitx cpb cat_l3 cdp_l3 hw_pstate ssbd mba ibrs ibpb stibp vmmcall fsgsbase bmi1 avx2 smep bmi2 erms invpcid cqm rdt_a rdseed adx smap clflushopt clwb sha_ni xsaveopt xsavec xgetbv1 xsaves cqm_llc cqm_occup_llc cqm_mbm_total cqm_mbm_local user_shstk clzero irperf xsaveerptr rdpru wbnoinvd cppc arat npt lbrv svm_lock nrip_save tsc_scale vmcb_clean flushbyasid decodeassists pausefilter pfthreshold avic v_vmsave_vmload vgif v_spec_ctrl umip pku ospke vaes vpclmulqdq rdpid overflow_recov succor smca fsrm debug_swap

Online cpus: 0-11
Offline cpus: 
BIOS frequency limitation: <Not Available>
Frequency switch latency (ns): 0
Available cpu frequencies: <Not Available>
Current governor: powersave
Core performance/turbo boost: 1

Memory: 4k page, physical 32233312k(16407848k free), swap 49670648k(49659540k free)
Page Sizes: 4k

vm_info: OpenJDK 64-Bit Server VM (21.0.10+7-LTS) for linux-amd64 JRE (21.0.10+7-LTS), built on 2026-01-20T00:00:00Z by "admin" with gcc 11.3.0

END.
